Номер позиции	Условное обозначение изделия	Обозначение документа на поставку	Отличительный знак	Предприятие изготовитель/калькодерж.
 	2.1 Усилители 								
 	2.1.3 Серия 123 								
1 	123УН1А 	ХМ3.421.001ТУ 	НП 	34 / 34 	401.14 - 4.03 	6.3 ± 10% 	17 	-60 ÷ +125	 БИПОЛ
 	УСИЛИТЕЛЬ НИЗКОЙ ЧАСТОТ	Ы С НАПРЯЖЕНИЕМ ШУМА ≤ 2 мВ 							
2 	123УН1Б 	ХМ3.421.001ТУ 	НП 	34 / 34 	401.14 - 4.03 	6.3 ± 10% 	17 	-60 ÷ +125	 БИПОЛ
 	УСИЛИТЕЛЬ НИЗКОЙ ЧАСТОТ	Ы С НАПРЯЖЕНИЕМ ШУМА ≤ 1.5 мВ 							
 	123УН1В 	ХМ3.421.001ТУ 	НП 	34 / 34 	401.14 - 4.03 	6.3 ± 10% 	17 	-60 ÷ +125	 БИПОЛ
3 	УСИЛИТЕЛЬ НИЗКОЙ ЧАСТОТ	Ы С НАПРЯЖЕНИЕМ ШУМА ≤ 1 мВ 							
 	2.1.4 Серия ОСМ 123	 							
1 	ОСМ 123УН1А 	ХМ3.421.001ТУ; П0.070.052 	НП 	34 / 34 	401.14 - 4.03 	6.3 ± 10% 	17 	-60 ÷ +125	 БИПОЛ
 	УСИЛИТЕЛЬ НИЗКОЙ ЧАСТОТ	Ы С НАПРЯЖЕНИЕМ ШУМА ≤ 2 м 							
2 	ОСМ 123УН1Б 	ХМ3.421.001ТУ; П0.070.052 	НП 	34 / 34 	401.14 - 4.03 	6.3 ± 10% 	17 	-60 ÷ +125	 БИПОЛ
 	В УСИЛИТЕЛЬ НИЗКОЙ ЧАСТО	ТЫ С НАПРЯЖЕНИЕМ ШУМА ≤ 1.5 мВ 							
3 	ОСМ 123УН1В 	ХМ3.421.001ТУ; П0.070.052 	НП 	34 / 34 	401.14 - 4.03 	6.3 ± 10% 	17 	-60 ÷ +125	 БИПОЛ
 	УСИЛИТЕЛЬ НИЗКОЙ ЧАСТОТ	Ы С НАПРЯЖЕНИЕМ ШУМА ≤ 1 мВ 							
 	2.1.5 Серия 140 								
1 	140УД1201С1 АР 	АЕЯР.431130.187-10ТУ 	З 	33 / 33 	3101.8 - 1НБ 	±3 ÷ ±16.5	 0.22 	-60 ÷ +125	 БИПОЛ
 	МНОГОФУНКЦИОНАЛЬНЫЙ М	ИКРОМОЩНЫЙ ОПЕРАЦИОННЫЙ УСИЛИ	ТЕЛЬ  С РЕГУ	ЛИРУЕМЫМ 	ПОТРЕБЛЕНИЕМ МОЩНОСТИ 				
2 	140УД1201С АР 	АЕЯР.431130.187-10ТУ 	З 	33 / 33 	3101.8 - 1 	±3 ÷ ±16.5	 0.22 	-60 ÷ +125	 БИПОЛ
 	МНОГОФУНКЦИОНАЛЬНЫЙ М	ИКРОМОЩНЫЙ ОПЕРАЦИОННЫЙ УСИЛИ	ТЕЛЬ С РЕГУ	ЛИРУЕМЫМ П	ОТРЕБЛЕНИЕМ МОЩНОСТИ 				
3 	140УД12У1 АР 	АЕЯР.431130.187-10ТУ 	 	33 / 33 	НО4.16 - 2ВН 	±3 ÷ ±16.5	 0.22 	-60 ÷ +125	 БИПОЛ
 	МНОГОФУНКЦИОНАЛЬНЫЙ М	ИКРОМОЩНЫЙ ОПЕРАЦИОННЫЙ УСИЛИ	ТЕЛЬ С РЕГУ	ЛИРУЕМЫМ П	ОТРЕБЛЕНИЕМ МОЩНОСТИ 				
4 	140УД12У2 АР 	АЕЯР.431130.187-10ТУ 	 	33 / 33 	НО4.16 - 2ВНБ 	±3 ÷ ±16.5	 0.22 	-60 ÷ +125	 БИПОЛ
 	МНОГОФУНКЦИОНАЛЬНЫЙ М	ИКРОМОЩНЫЙ ОПЕРАЦИОННЫЙ УСИЛИ	ТЕЛЬ С РЕГУ	ЛИРУЕМЫМ П	ОТРЕБЛЕНИЕМ МОЩНОСТИ 				
5 	140УД12У АР 	АЕЯР.431130.187-10ТУ 	 	33 / 33 	НО4.16 - 2В 	±3 ÷ ±16.5	 0.22 	-60 ÷ +125	 БИПОЛ
 	МНОГОФУНКЦИОНАЛЬНЫЙ М	ИКРОМОЩНЫЙ ОПЕРАЦИОННЫЙ УСИЛИ	ТЕЛЬ С РЕГУ	ЛИРУЕМЫМ П	ОТРЕБЛЕНИЕМ МОЩНОСТИ 				
6 	140УД1701АС1 АР 	АЕЯР.431130.187-17ТУ 	З 	33 / 33 	3101.8 - 1НБ 	±15 ± 10%	 6 	-60 ÷ +125	 БИПОЛ
 	ПРЕЦИЗИОННЫЙ ОПЕРАЦИОН	НЫЙ УСИЛИТЕЛЬ С НАПРЯЖЕНИЕМ СМЕЩ	ЕНИЯ НУЛ	Я ≤ 120 мкВ 					
7 	140УД1701АС АР 	АЕЯР.431130.187-17ТУ 	З 	33 / 33 	3101.8 - 1 	±15 ± 10%	 6 	-60 ÷ +125	 БИПОЛ
 	ПРЕЦИЗИОННЫЙ ОПЕРАЦИОН	НЫЙ УСИЛИТЕЛЬ С НАПРЯЖЕНИЕМ СМЕЩ	ЕНИЯ НУЛ	Я ≤ 120 мкВ 					
8 	140УД1701БС1 АР 	АЕЯР.431130.187-17ТУ 	З 	33 / 33 	3101.8 - 1НБ 	±15 ± 10%	 6 	-60 ÷ +125	 БИПОЛ
 	ПРЕЦИЗИОННЫЙ ОПЕРАЦИОН	НЫЙ УСИЛИТЕЛЬ С НАПРЯЖЕНИЕМ СМЕЩ	ЕНИЯ НУЛ	Я ≤ 260 мкВ 					
9 	140УД1701БС АР 	АЕЯР.431130.187-17ТУ 	З 	33 / 33 	3101.8 - 1 	±15 ± 10%	 6 	-60 ÷ +125	 БИПОЛ
 	ПРЕЦИЗИОННЫЙ ОПЕРАЦИОН	НЫЙ УСИЛИТЕЛЬ С НАПРЯЖЕНИЕМ СМЕЩ	ЕНИЯ НУЛ	Я ≤ 260 мкВ 					
10 	140УД17АУ1 АР 	АЕЯР.431130.187-17ТУ 	 	33 / 33 	НО4.16 - 2ВН 	±15 ± 10%	 6 	-60 ÷ +125	 БИПОЛ
 	ПРЕЦИЗИОННЫЙ ОПЕРАЦИОН	НЫЙ УСИЛИТЕЛЬ С НАПРЯЖЕНИЕМ СМЕЩ	ЕНИЯ НУЛ	Я ≤ 120 мкВ 					
11 	140УД17АУ2 АР 	АЕЯР.431130.187-17ТУ 	 	33 / 33 	НО4.16 - 2ВНБ 	±15 ± 10%	 6 	-60 ÷ +125	 БИПОЛ
 	ПРЕЦИЗИОННЫЙ ОПЕРАЦИОН	НЫЙ УСИЛИТЕЛЬ С НАПРЯЖЕНИЕМ СМЕЩ	ЕНИЯ НУЛ	Я ≤ 120 мкВ 					
 	 								
 	ПРЕЦИЗИОННЫЙ ОПЕРАЦИОН	НЫЙ УСИЛИТЕЛЬ С НАПРЯЖЕНИЕМ СМЕЩ	ЕНИЯ НУЛ	Я ≤ 120 мкВ 					
13 	140УД17БУ1 АР 	АЕЯР.431130.187-17ТУ 	 	33 / 33 	НО4.16 - 2ВН 	±15 ± 10%	 6 	-60 ÷ +125	 БИПОЛ
 	ПРЕЦИЗИОННЫЙ ОПЕРАЦИОН	НЫЙ УСИЛИТЕЛЬ С  НАПРЯЖЕНИЕМ СМЕ	ЩЕНИЯ НУЛ	Я ≤ 260 мкВ 					
14 	140УД17БУ2 АР 	АЕЯР.431130.187-17ТУ 	 	33 / 33 	НО4.16 - 2ВНБ 	±15 ± 10%	 6 	-60 ÷ +125	 БИПОЛ
 	ПРЕЦИЗИОННЫЙ ОПЕРАЦИОН	НЫЙ УСИЛИТЕЛЬ С НАПРЯЖЕНИЕМ СМЕЩ	ЕНИЯ НУЛ	Я ≤ 260 мкВ 					
15 	140УД17БУ АР 	АЕЯР.431130.187-17ТУ 	 	33 / 33 	НО4.16 - 2В 	±15 ± 10%	 6 	-60 ÷ +125	 БИПОЛ
 	ПРЕЦИЗИОННЫЙ ОПЕРАЦИОН	НЫЙ УСИЛИТЕЛЬ С НАПРЯЖЕНИЕМ СМЕ	ЩЕНИЯ НУЛ	Я ≤ 260 мкВ 					
16 	140УД20АР1 АР 	АЕЯР.431130.187-14ТУ 	 	33 / 33 	201.14 - 10Н 	±5 ÷ ±18 	4 	-60 ÷ +125	 БИПОЛ
 	СДВОЕННЫЙ ОПЕРАЦИОННЫ	Й УСИЛИТЕЛЬ С ВНУТРЕННЕЙ ЧАСТОТНО	Й КОРРЕКЦИ	ЕЙ И ЗАЩИТО	Й ВЫХОДА ОТ КОРОТКОГО ЗАМЫКАНИЯ	 			
17 	140УД20АР АР 	АЕЯР.431130.187-14ТУ 	З 	33 / 33 	201.14 - 10 	±5 ÷ ±18 	4 	-60 ÷ +125	 БИПОЛ
 	СДВОЕННЫЙ ОПЕРАЦИОННЫ	Й УСИЛИТЕЛЬ С ВНУТРЕННЕЙ ЧАСТОТНО	Й КОРРЕКЦИ	ЕЙ И ЗАЩИТО	Й ВЫХОДА ОТ КОРОТКОГО ЗАМЫКАНИЯ	 			
18 	140УД20АУ1 АР 	АЕЯР.431130.187-14ТУ 	 	33 / 33 	НО4.16 - 2ВН 	±5 ÷ ±18 	4 	-60 ÷ +12	5 БИПОЛ
 	СДВОЕННЫЙ ОПЕРАЦИОННЫ	Й УСИЛИТЕЛЬ С ВНУТРЕННЕЙ ЧАСТОТНО	Й КОРРЕКЦИ	ЕЙ И ЗАЩИТО	Й ВЫХОДА ОТ КОРОТКОГО ЗАМЫКАНИЯ	 			
19 	140УД20АУ2 АР 	АЕЯР.431130.187-14ТУ 	 	33 / 33 	НО4.16 - 2ВНБ 	±5 ÷ ±18 	4 	-60 ÷ +125	 БИПОЛ
 	СДВОЕННЫЙ ОПЕРАЦИОННЫ	Й УСИЛИТЕЛЬ С ВНУТРЕННЕЙ ЧАСТОТНО	Й КОРРЕКЦИ	ЕЙ И ЗАЩИТО	Й ВЫХОДА ОТ КОРОТКОГО ЗАМЫКАНИЯ	 			
20 	140УД20АУ АР 	АЕЯР.431130.187-14ТУ 	З 	33 / 33 	НО4.16 - 2В 	±5 ÷ ±18 	4 	-60 ÷ +125	 БИПОЛ
 	СДВОЕННЫЙ ОПЕРАЦИОННЫ	Й УСИЛИТЕЛЬ С ВНУТРЕННЕЙ ЧАСТОТНО	Й КОРРЕКЦИ	ЕЙ И ЗАЩИТО	Й ВЫХОДА ОТ КОРОТКОГО ЗАМЫКАНИЯ	 			
21 	140УД20БР1 АР 	АЕЯР.431130.187-14ТУ 	 	33 / 33 	201.14 - 10Н 	±5 ÷ ±18 	4 	-60 ÷ +125	 БИПОЛ
 	СДВОЕННЫЙ ОПЕРАЦИОННЫ	Й УСИЛИТЕЛЬ С ВНУТРЕННЕЙ ЧАСТОТНО	Й КОРРЕКЦИ	ЕЙ И ЗАЩИТО	Й ВЫХОДА ОТ КОРОТКОГО ЗАМЫКАНИЯ	 			
22 	140УД20БР АР 	АЕЯР.431130.187-14ТУ 	З 	33 / 33 	201.14 - 10 	±5 ÷ ±18 	4 	-60 ÷ +125	 БИПОЛ
 	СДВОЕННЫЙ ОПЕРАЦИОННЫ	Й УСИЛИТЕЛЬ С ВНУТРЕННЕЙ ЧАСТОТНО	Й КОРРЕКЦИ	ЕЙ И ЗАЩИТО	Й ВЫХОДА ОТ КОРОТКОГО ЗАМЫКАНИЯ	 			
23 	140УД20БУ1 АР 	АЕЯР.431130.187-14ТУ 	 	33 / 33 	НО4.16 - 2ВН 	±5 ÷ ±18 	4 	-60 ÷ +125	 БИПОЛ
 	СДВОЕННЫЙ ОПЕРАЦИОННЫ	Й УСИЛИТЕЛЬ С ВНУТРЕННЕЙ ЧАСТОТНО	Й КОРРЕКЦИ	ЕЙ И ЗАЩИТО	Й ВЫХОДА ОТ КОРОТКОГО ЗАМЫКАНИЯ	 			
24 	140УД20БУ2 АР 	АЕЯР.431130.187-14ТУ 	 	33 / 33 	НО4.16 - 2ВНБ 	±5 ÷ ±18 	4 	-60 ÷ +125	 БИПОЛ
 	СДВОЕННЫЙ ОПЕРАЦИОННЫ	Й УСИЛИТЕЛЬ С ВНУТРЕННЕЙ ЧАСТОТНО	Й КОРРЕКЦИ	ЕЙ И ЗАЩИТО	Й ВЫХОДА ОТ КОРОТКОГО ЗАМЫКАНИЯ	 			
25 	140УД20БУ АР 	АЕЯР.431130.187-14ТУ 	З 	33 / 33 	НО4.16 - 2В 	±5 ÷ ±18 	4 	-60 ÷ +125	 БИПОЛ
 	СДВОЕННЫЙ ОПЕРАЦИОННЫ	Й УСИЛИТЕЛЬ С ВНУТРЕННЕЙ ЧАСТОТНО	Й КОРРЕКЦИ	ЕЙ И ЗАЩИТО	Й ВЫХОДА ОТ КОРОТКОГО ЗАМЫКАНИЯ	 			
26 	140УД601АС1 АР 	АЕЯР.431130.187-04ТУ 	З 	33 / 33 	3101.8 - 1НБ 	±15 ± 10%	 5 	-60 ÷ +125	 БИПОЛ
 	ОПЕРАЦИОННЫЙ УСИЛИТЕЛЬ	 С КОЭФФИЦИЕНТОМ УСИЛЕНИЯ НАПРЯЖ	ЕНИЯ НУЛЯ	 ≥ 40000 					
27 	140УД601АС АР 	АЕЯР.431130.187-04ТУ 	З 	33 / 33 	3101.8 - 1 	±15 ± 10%	 5 	-60 ÷ +125	 БИПОЛ
 	ОПЕРАЦИОННЫЙ УСИЛИТЕЛЬ	 С КОЭФФИЦИЕНТОМ УСИЛЕНИЯ НАПРЯЖ	ЕНИЯ НУЛЯ	 ≥ 40000 					
28 	140УД601БС1 АР 	АЕЯР.431130.187-04ТУ 	З 	33 / 33 	3101.8 - 1НБ 	±15 ± 10%	 5 	-60 ÷ +12	 БИПОЛ
 	ОПЕРАЦИОННЫЙ УСИЛИТЕЛЬ	 С КОЭФФИЦИЕНТОМ УСИЛЕНИЯ НАПРЯЖ	ЕНИЯ НУЛЯ	 ≥ 25000 					
29 	140УД601БС АР 	АЕЯР.431130.187-04ТУ 	З 	33 / 33 	3101.8 - 1 	±15 ± 10%	 5 	-60 ÷ +125	 БИПОЛ
 	ОПЕРАЦИОННЫЙ УСИЛИТЕЛЬ	 С КОЭФФИЦИЕНТОМ УСИЛЕНИЯ НАПРЯЖ	ЕНИЯ НУЛЯ	 ≥ 25000 					
30 	140УД6АУ1 АР 	АЕЯР.431130.187-04ТУ 	 	33 / 33 	НО4.16 - 2ВН 	±15 ± 10%	 5 	60 ÷ +125	 БИПОЛ
 	ОПЕРАЦИОННЫЙ УСИЛИТЕЛЬ	 С КОЭФФИЦИЕНТОМ УСИЛЕНИЯ НАПРЯЖ	ЕНИЯ НУЛЯ	 ≥ 40000 					
31 	140УД6АУ2 АР 	АЕЯР.431130.187-04ТУ 	 	33 / 33 	НО4.16 - 2ВНБ 	±15 ± 10%	 5 	-60 ÷ +125	 БИПОЛ
 	ОПЕРАЦИОННЫЙ УСИЛИТЕЛЬ	 С КОЭФФИЦИЕНТОМ УСИЛЕНИЯ НАПРЯЖ	ЕНИЯ НУЛЯ	 ≥ 40000 					
32 	140УД6АУ АР 	АЕЯР.431130.187-04ТУ 	 	33 / 33 	НО4.16 - 2В 	±15 ± 10%	 5 	-60 ÷ +125	 БИПОЛ
 	ОПЕРАЦИОННЫЙ УСИЛИТЕЛЬ	 С КОЭФФИЦИЕНТОМ УСИЛЕНИЯ НАПРЯЖ	ЕНИЯ НУЛЯ	 ≥ 40000 					
 	ОПЕРАЦИОННЫЙ УСИЛИТЕЛЬ	 С КОЭФФИЦИЕНТОМ УСИЛЕНИЯ НАПРЯЖ	ЕНИЯ НУЛЯ	 ≥ 25000 					
34 	140УД6БУ2 АР 	АЕЯР.431130.187-04ТУ 	 	33 / 33 	НО4.16 - 2ВНБ 	±15 ± 10%	 5 	-60 ÷ +125	 БИПОЛ
 	ОПЕРАЦИОННЫЙ УСИЛИТЕЛЬ	 С КОЭФФИЦИЕНТОМ УСИЛЕНИЯ НАПРЯЖ	ЕНИЯ НУЛЯ	 ≥ 25000 					
35 	140УД6БУ АР 	АЕЯР.431130.187-04ТУ 	 	33 / 33 	НО4.16 - 2В 	±15 ± 10%	 5 	-60 ÷ +125	 БИПОЛ
 	ОПЕРАЦИОННЫЙ УСИЛИТЕЛЬ	 С КОЭФФИЦИЕНТОМ УСИЛЕНИЯ НАПРЯЖ	ЕНИЯ НУЛЯ	 ≥ 25000 					
 	2.1.8 Серия ОСМ 140	 							
1 	ОСМ 140УД1201С АР 	АЕЯР.431130.187-10; П0.070.052ТУ 	З 	33 / 33 	3101.8 - 1 	±3 ÷ ±16.5	 0.22 	-60 ÷ +125	 БИПОЛ
 	МНОГОФУНКЦИОНАЛЬНЫЙ М	ИКРОМОЩНЫЙ ОПЕРАЦИОННЫЙ УСИЛИ	ТЕЛЬ С РЕГУ	ЛИРУЕМЫМ П	ОТРЕБЛЕНИЕМ МОЩНОСТИ 				
2 	ОСМ 140УД12У АР 	АЕЯР.431130.187-10; П0.070.052ТУ 	 	33 / 33 	НО4.16 - 2В 	±3 ÷ ±16.5	 0.22 	-60 ÷ +125	 БИПОЛ
 	МНОГОФУНКЦИОНАЛЬНЫЙ М	ИКРОМОЩНЫЙ ОПЕРАЦИОННЫЙ УСИЛИ	ТЕЛЬ С РЕГУ	ЛИРУЕМЫМ П	ОТРЕБЛЕНИЕМ МОЩНОСТИ 				
3 	ОСМ 140УД1701АС АР 	АЕЯР.431130.187-17; П0.070.052ТУ 	З 	33 / 33 	3101.8 - 1 	±15 ± 10%	 6 	-60 ÷ +125	 БИПОЛ
 	ПРЕЦИЗИОННЫЙ ОПЕРАЦИОН	НЫЙ УСИЛИТЕЛЬ С НАПРЯЖЕНИЕМ СМЕЩ	ЕНИЯ НУЛ	Я ≤ 120 мкВ 					
4 	ОСМ 140УД1701БС АР 	АЕЯР.431130.187-17; П0.070.052ТУ 	З 	33 / 33 	3101.8 - 1 	±15 ± 10%	 6 	-60 ÷ +12	5 БИПОЛ
 	ПРЕЦИЗИОННЫЙ ОПЕРАЦИОН	НЫЙ УСИЛИТЕЛЬ С НАПРЯЖЕНИЕМ СМЕЩ	ЕНИЯ НУЛ	Я ≤ 260 мкВ 					
5 	ОСМ 140УД17АУ АР 	АЕЯР.431130.187-17; П0.070.052ТУ 	 	33 / 33 	НО4.16 - 2В 	±15 ± 10%	 6 	-60 ÷ +125	 БИПОЛ
 	ПРЕЦИЗИОННЫЙ ОПЕРАЦИОН	НЫЙ УСИЛИТЕЛЬ С НАПРЯЖЕНИЕМ СМЕЩ	ЕНИЯ НУЛ	Я ≤ 120 мкВ 					
6 	ОСМ 140УД20АР АР 	АЕЯР.431130.187-14; П0.070.052ТУ 	З 	33 / 33 	201.14 - 10 	±5 ÷ ±18 	4 	-60 ÷ +125	 БИПОЛ
 	СДВОЕННЫЙ ОПЕРАЦИОННЫ	Й УСИЛИТЕЛЬ С ВНУТРЕННЕЙ ЧАСТОТНО	Й КОРРЕКЦИ	ЕЙ И ЗАЩИТО	Й ВЫХОДА ОТ КОРОТКОГО ЗАМЫКАНИЯ	 			
7 	ОСМ 140УД20АУ АР 	АЕЯР.431130.187-14; П0.070.052ТУ 	 	33 / 33 	НО4.16 - 2В 	±5 ÷ ±18 	4 	-60 ÷ +125	 БИПОЛ
 	СДВОЕННЫЙ ОПЕРАЦИОННЫ	Й УСИЛИТЕЛЬ С ВНУТРЕННЕЙ ЧАСТОТНО	Й КОРРЕКЦИ	ЕЙ И ЗАЩИТО	Й ВЫХОДА ОТ КОРОТКОГО ЗАМЫКАНИЯ	 			
8 	ОСМ 140УД20БР АР 	АЕЯР.431130.187-14; П0.070.052ТУ 	З 	33 / 33 	201.14 - 10 	±5 ÷ ±18 	4 	-60 ÷ +125	 БИПОЛ
 	СДВОЕННЫЙ ОПЕРАЦИОННЫ	Й УСИЛИТЕЛЬ С ВНУТРЕННЕЙ ЧАСТОТНО	Й КОРРЕКЦИ	ЕЙ И ЗАЩИТО	Й ВЫХОДА ОТ КОРОТКОГО ЗАМЫКАНИЯ	 			
9 	ОСМ 140УД601АС АР 	АЕЯР.431130.187-04; П0.070.052ТУ 	З 	33 / 33 	3101.8 - 1 	±15 ± 10%	 5 	-60 ÷ +125	 БИПОЛ
 	ОПЕРАЦИОННЫЙ УСИЛИТЕЛЬ	 С КОЭФФИЦИЕНТОМ УСИЛЕНИЯ НАПРЯЖ	ЕНИЯ НУЛЯ	 ≥ 40000 					
10 	ОСМ 140УД601БС АР 	АЕЯР.431130.187-04; П0.070.052ТУ 	З 	33 / 33 	3101.8 - 1 	±15 ± 10%	 5 	-60 ÷ +125	 БИПОЛ
 	ОПЕРАЦИОННЫЙ УСИЛИТЕЛЬ	 С КОЭФФИЦИЕНТОМ УСИЛЕНИЯ НАПРЯЖ	ЕНИЯ НУЛЯ	 ≥ 25000 					
11 	ОСМ 140УД6АУ АР 	АЕЯР.431130.187-04; П0.070.052ТУ 	 	33 / 33 	НО4.16 - 2В 	±15 ± 10%	 5 	-60 ÷ +125	 БИПОЛ
 	ОПЕРАЦИОННЫЙ УСИЛИТЕЛЬ	 С КОЭФФИЦИЕНТОМ УСИЛЕНИЯ НАПРЯЖ	ЕНИЯ НУЛЯ	 ≥ 40000 					
 	2.1.10 Серия 153, Н1	53, Р153, 153Н1, Б153-4 (153Н	4) 						
1 	153УД101 	бК0.347.010ТУ1 	НП 	33 / 33 	3101.8 - 1, 1НБ; 301.8 - 2.02 	±15 ± 10%	 8 	-60 ÷ +125	 БИПОЛ
 	ОПЕРАЦИОННЫЙ УСИЛИТЕЛЬ	 							
2 	153УД201 	бК0.347.010ТУ1 	НП 	33 / 33 	3101.8 - 1, 1НБ; 301.8 - 2.02 	±15 ± 10%	 4 	-60 ÷ +125	 БИПОЛ
 	ОПЕРАЦИОННЫЙ УСИЛИТЕЛЬ	 							
3 	153УД201А 	бК0.347.010ТУ1 	НП 	33 / 33 	301.8 - 2.02; 3101.8 - 1, 1НБ 	±15 ± 10%	 4 	-60 ÷ +125	 БИПОЛ
 	ОПЕРАЦИОННЫЙ УСИЛИТЕЛЬ	 С НЕНОРМИРУЕМЫМИ ТЕМПЕРАТУРНЫМ	И ДРЕЙФАМ	И 					
4 	153УД301 	бК0.347.010ТУ1 	 	33 / 33 	3101.8 - 1, 1НБ; 301.8 - 2.02 	±15 ± 10%	 4.5 	-60 ÷ +125	 БИПОЛ
 	ОПЕРАЦИОННЫЙ УСИЛИТЕЛЬ	 							
5 	153УД4 	бК0.347.010ТУ3 	 	34 / 34 	301.12 - 1, 1.02; 3107.12 - 2НБ	 ±6 ± 10% 	0.8 	-60 ÷ +125	 БИПОЛ
 	ОПЕРАЦИОННЫЙ УСИЛИТЕЛЬ	 							
 	 								
 	ПРЕЦИЗИОННЫЙ ОПЕРАЦИОН	НЫЙ УСИЛИТЕЛЬ С ТЕМПЕРАТУРНЫМ ДР	ЕЙФОМ НАП	РЯЖЕНИЯ СМ	ЕЩЕНИЯ ≤ 5 мкВ/°C 				
7 	153УД501Б 	бК0.347.010ТУ4 	 	33 / 33 	301.8 - 2.02; 3101.8 - 1, 1НБ 	±15 ± 10%	 4 	-60 ÷ +125	 БИПОЛ
 	ПРЕЦИЗИОННЫЙ ОПЕРАЦИОН	НЫЙ УСИЛИТЕЛЬ С ТЕМПЕРАТУРНЫМ ДР	ЕЙФОМ НАП	РЯЖЕНИЯ СМ	ЕЩЕНИЯ ≤ 10 мкВ/°C 				
8 	153УД601 	бК0.347.010ТУ2 	З 	33 / 33 	3101.8 - 1, 1НБ; 301.8 - 2.02 	±15 ± 10%	 4 	-60 ÷ +125	 БИПОЛ
 	ОПЕРАЦИОННЫЙ УСИЛИТЕЛЬ	 							
9 	Б153УД1-4 	бК0.347.581-01ТУ 	НП 	33 / 33 	БЕСКОРП. 	±15 ± 10%	 8 	-60 ÷ +125	 БИПОЛ
 	ОПЕРАЦИОННЫЙ УСИЛИТЕЛЬ	 							
10 	Б153УД2-4 	бК0.347.581-02ТУ 	НП 	33 / 33 	БЕСКОРП. 	±15 ± 10%	 4 	-60 ÷ +12	5 БИПОЛ
 	ОПЕРАЦИОННЫЙ УСИЛИТЕЛЬ	 							
11 	Б153УД5А-4 	бК0.347.581-03ТУ 	 	33 / 33 	БЕСКОРП. 	±15 ± 10%	 4 	-60 ÷ +125	 БИПОЛ
 	ПРЕЦИЗИОННЫЙ ОПЕРАЦИОН	НЫЙ УСИЛИТЕЛЬ С ТЕМПЕРАТУРНЫМ ДР	ЕЙФОМ НАП	РЯЖЕНИЯ СМ	ЕЩЕНИЯ ≤ 5 мкВ/°C 				
12 	Б153УД5Б-4 	бК0.347.581-03ТУ 	 	33 / 33 	БЕСКОРП. 	±15 ± 10%	 4 	-60 ÷ +125	 БИПОЛ
 	ПРЕЦИЗИОННЫЙ ОПЕРАЦИОН	НЫЙ УСИЛИТЕЛЬ С ТЕМПЕРАТУРНЫМ ДР	ЕЙФОМ НАП	РЯЖЕНИЯ СМ	ЕЩЕНИЯ ≤ 10 мкВ/°C 				
13 	Б153УД6-4 	бК0.347.010ТУ2 	З 	33 / 33 	БЕСКОРП. 	±15 ± 10%	 4 	-60 ÷ +125	 БИПОЛ
 	ОПЕРАЦИОННЫЙ УСИЛИТЕЛЬ	 							
14 	Н153УД6 	бК0.347.010ТУ2 	 	33 / 33 	Н04.16 - 2В, 2ВНБ 	±15 ± 10%	 4 	-60 ÷ +125	 БИПОЛ
 	ОПЕРАЦИОННЫЙ УСИЛИТЕЛЬ	 							
15 	Р153УД2А 	бК0.347.010ТУ1 	 	33 / 33 	2101.8 - 1 	±15 ± 10%	 4 	-60 ÷ +100	 БИПОЛ
 	ОПЕРАЦИОННЫЙ УСИЛИТЕЛЬ	 							
 	2.1.11 Серия ОСМ 15	3, ОСМ Н153 							
1 	ОСМ 153УД101 	бК0.347.010; П0.070.052ТУ1 	НП 	33 / 33 	3101.8 - 1 	±15 ± 10%	 8 	-60 ÷ +125	 БИПОЛ
 	ОПЕРАЦИОННЫЙ УСИЛИТЕЛЬ	 							
2 	ОСМ 153УД201 	бК0.347.010; П0.070.052ТУ1 	НП 	33 / 33 	3101.8 - 1 	±15 ± 10%	 4 	-60 ÷ +125	 БИПОЛ
 	ОПЕРАЦИОННЫЙ УСИЛИТЕЛЬ	 							
3 	ОСМ 153УД301 	бК0.347.010; П0.070.052ТУ1 	 	33 / 33 	3101.8 - 1 	±15 ± 10%	 4.5 	-60 ÷ +125	 БИПОЛ
 	ОПЕРАЦИОННЫЙ УСИЛИТЕЛЬ	 							
4 	ОСМ 153УД4 	бК0.347.010; П0.070.052ТУ3 	 	34 / 34 	301.12 - 1, 1.02 	±6 ± 10% 	0.8 	-60 ÷ +125	 БИПОЛ
 	ОПЕРАЦИОННЫЙ УСИЛИТЕЛЬ	 							
5 	ОСМ 153УД501А 	бК0.347.010; П0.070.052ТУ4 	 	33 / 33 	3101.8 - 1; 301.8 - 2.02 	±15 ± 10%	 4 	-60 ÷ +125	 БИПОЛ
 	ПРЕЦИЗИОННЫЙ ОПЕРАЦИОН	НЫЙ УСИЛИТЕЛЬ С ТЕМПЕРАТУРНЫМ ДР	ЕЙФОМ НАП	РЯЖЕНИЯ СМ	ЕЩЕНИЯ ≤ 5 мкВ/°C 				
6 	ОСМ 153УД501Б 	бК0.347.010; П0.070.052ТУ4 	 	33 / 33 	3101.8 - 1; 301.8 - 2.02 	±15 ± 10%	 4 	-60 ÷ +125	 БИПОЛ
 	ПРЕЦИЗИОННЫЙ ОПЕРАЦИОН	НЫЙ УСИЛИТЕЛЬ С ТЕМПЕРАТУРНЫМ ДР	ЕЙФОМ НАП	РЯЖЕНИЯ СМ	ЕЩЕНИЯ ≤ 10 мкВ/°C 				
7 	ОСМ 153УД601 	бК0.347.010; П0.070.052ТУ2 	З 	33 / 33 	301.8 - 2.02; 3101.8 - 1 	±15 ± 10%	 4 	-60 ÷ +125	 БИПОЛ
 	ОПЕРАЦИОННЫЙ УСИЛИТЕЛЬ	 							
8 	ОСМ Н153УД6 	бК0.347.010; П0.070.052ТУ2 	 	33 / 33 	Н04.16 - 2В,  2ВНБ 	±15 ± 10%	 4 	-60 ÷ +125	 БИПОЛ
 	ОПЕРАЦИОННЫЙ УСИЛИТЕЛЬ	 							
 	2.1.12 Серия 154, Н1	54, Б154-2 							
1 	154УД1А 	бК0.347.206ТУ1 	 	34 / 34 	3101.8 - 1НБ; 301.8 - 2, 2.02 	±15 ± 10%	 0.16 	-60 ÷ +125	 БИПОЛ
 	ОПЕРАЦИОННЫЙ УСИЛИТЕЛЬ	 С РАЗНОСТЬЮ ВХОДНЫХ ТОКОВ ≤ 30 нА 							
 	 								
 	ОПЕРАЦИОННЫЙ УСИЛИТЕЛЬ	 С РАЗНОСТЬЮ ВХОДНЫХ ТОКОВ ≤ 60 нА 							
3 	154УД3А 	бК0.347.206ТУ3 	 	34 / 34 	3101.8 - 1НБ; 301.8 - 2, 2.02 	±15 ± 10%	 7.5 	-60 ÷ +125	 БИПОЛ
 	БЫСТРОДЕЙСТВУЮЩИЙ ОПЕ	РАЦИОННЫЙ УСИЛИТЕЛЬ СО СКОРОСТЬЮ	 НАРАСТАН	ИЯ ВЫХОДНО	ГО НАПРЯЖЕНИЯ ≥ 80 В/мкс 				
4 	154УД3Б 	бК0.347.206ТУ3 	 	34 / 34 	3101.8 - 1НБ; 301.8 - 2, 2.02 	±15 ± 10%	 7.5 	-60 ÷ +125	 БИПОЛ
 	БЫСТРОДЕЙСТВУЮЩИЙ ОПЕ	РАЦИОННЫЙ УСИЛИТЕЛЬ СО СКОРОСТЬЮ	 НАРАСТАН	ИЯ ВЫХОДНО	ГО НАПРЯЖЕНИЯ ≥ 60 В/мкс 				
5 	154УД4А 	бК0.347.206ТУ4 	З 	34 / 34 	301.8 - 2, 2.02; 3101.8 - 1НБ 	±15 ± 10%	 7.5 	-60 ÷ +125	 БИПОЛ
 	БЫСТРОДЕЙСТВУЮЩИЙ ОПЕ	РАЦИОННЫЙ УСИЛИТЕЛЬ СО СКОРОСТЬЮ	 НАРАСТАН	ИЯ ВЫХОДНО	ГО НАПРЯЖЕНИЯ ≥ 400 В/мкс 				
6 	154УД4Б 	бК0.347.206ТУ4 	З 	34 / 34 	301.8 - 2, 2.02; 3101.8 - 1НБ 	±15 ± 10%	 7.5 	-60 ÷ +125	 БИПОЛ
 	БЫСТРОДЕЙСТВУЮЩИЙ ОПЕ	РАЦИОННЫЙ УСИЛИТЕЛЬ СО СКОРОСТЬЮ	 НАРАСТАН	ИЯ ВЫХОДНО	ГО НАПРЯЖЕНИЯ ≥ 200 В/мкс 				
7 	Б154УД1А-2 	бК0.347.556-01; РМ 11 091.926ТУ 	 	34 / 34 	БЕСКОРП. 	±15 ± 10%	 0.16 	-60 ÷ +85	 БИПОЛ
 	ОПЕРАЦИОННЫЙ УСИЛИТЕЛЬ	 С РАЗНОСТЬЮ ВХОДНЫХ ТОКОВ ≤ 30 нА 							
8 	Б154УД1Б-2 	бК0.347.556-01ТУ; РМ 11 091.926 	 	34 / 34 	БЕСКОРП. 	±15 ± 10%	 0.2 	-60 ÷ +85	 БИПОЛ
 	ОПЕРАЦИОННЫЙ УСИЛИТЕЛЬ	 С РАЗНОСТЬЮ ВХОДНЫХ ТОКОВ ≤ 60 нА 							
9 	Б154УД4А-2 	бК0.347.556-02ТУ; РМ 11 091.926Т 	 	34 / 34 	БЕСКОРП. 	±15 ± 10%	 7.5 	-60 ÷ +100	 БИПОЛ
 	БЫСТРОДЕЙСТВУЮЩИЙ ОПЕ	РАЦИОННЫЙ УСИЛИТЕЛЬ СО СКОРОСТЬЮ	 НАРАСТАН	ИЯ ВЫХОДНО	ГО НАПРЯЖЕНИЯ ≥ 400 В/мкс 				
10 	Б154УД4Б-2 	бК0.347.556-02ТУ; РМ 11 091.926 	 	34 / 34 	БЕСКОРП. 	±15 ± 10%	 7.5 	-60 ÷ +10	0 БИПОЛ
 	БЫСТРОДЕЙСТВУЮЩИЙ ОПЕ	РАЦИОННЫЙ УСИЛИТЕЛЬ СО СКОРОСТЬЮ	 НАРАСТАН	ИЯ ВЫХОДНО	ГО НАПРЯЖЕНИЯ ≥ 200 В/мкс 				
11 	Н154УД1А 	бК0.347.206ТУ1 	 	34 / 34 	Н04.16 - 2В 	±15 ± 10%	 0.16 	-60 ÷ +125	 БИПОЛ
 	ОПЕРАЦИОННЫЙ УСИЛИТЕЛЬ	 С РАЗНОСТЬЮ ВХОДНЫХ ТОКОВ ≤ 30 нА 							
12 	Н154УД1Б 	бК0.347.206ТУ1 	 	34 / 34 	Н04.16 - 2В 	±15 ± 10%	 0.2 	-60 ÷ +125	 БИПОЛ
 	ОПЕРАЦИОННЫЙ УСИЛИТЕЛЬ	 С РАЗНОСТЬЮ ВХОДНЫХ ТОКОВ ≤ 60 нА 							
13 	Н154УД3А 	бК0.347.206ТУ3 	 	34 / 34 	Н04.16 - 2В 	±15 ± 10%	 7.5 	-60 ÷ +125	 БИПОЛ
 	БЫСТРОДЕЙСТВУЮЩИЙ ОПЕ	РАЦИОННЫЙ УСИЛИТЕЛЬ СО СКОРОСТЬЮ	 НАРАСТАН	ИЯ ВЫХОДНО	ГО НАПРЯЖЕНИЯ ≥ 80 В/мкс 				
14 	Н154УД3Б 	бК0.347.206ТУ3 	 	34 / 34 	Н04.16 - 2В 	±15 ± 10%	 7.5 	-60 ÷ +125	 БИПОЛ
 	БЫСТРОДЕЙСТВУЮЩИЙ ОПЕ	РАЦИОННЫЙ УСИЛИТЕЛЬ СО СКОРОСТЬЮ	 НАРАСТАН	ИЯ ВЫХОДНО	ГО НАПРЯЖЕНИЯ ≥ 60 В/мкс 				
 	2.1.13 Серия Б154-2Н	 							
1 	Б154УД1А-2Н 	бК0.347.556-01ТУ; РМ 11 091.926 	 	34 / 34 	БЕСКОРП. 	±15 ± 10%	 0.16 	-60 ÷ +85	 БИПОЛ
 	ОПЕРАЦИОННЫЙ УСИЛИТЕЛЬ	 С РАЗНОСТЬЮ ВХОДНЫХ ТОКОВ ≤ 30 нА 							
2 	Б154УД1Б-2Н 	бК0.347.556-01ТУ; РМ 11 091.926 	 	34 / 34 	БЕСКОРП. 	±15 ± 10%	 0.2 	-60 ÷ +85	 БИПОЛ
 	ОПЕРАЦИОННЫЙ УСИЛИТЕЛЬ	 С РАЗНОСТЬЮ ВХОДНЫХ ТОКОВ ≤ 60 нА 							
3 	Б154УД4А-2Н 	бК0.347.556-02ТУ; РМ 11 091.926 	 	34 / 34 	БЕСКОРП. 	±15 ± 10%	 7.5 	-60 ÷ +100	 БИПОЛ
 	БЫСТРОДЕЙСТВУЮЩИЙ ОПЕ	РАЦИОННЫЙ УСИЛИТЕЛЬ СО СКОРОСТЬЮ	 НАРАСТАН	ИЯ ВЫХОДНО	ГО НАПРЯЖЕНИЯ ≥ 400 В/мкс 				
4 	Б154УД4Б-2Н 	бК0.347.556-02ТУ; РМ 11 091.926 	 	34 / 34 	БЕСКОРП. 	±15 ± 10%	 7.5 	-60 ÷ +100	 БИПОЛ
 	БЫСТРОДЕЙСТВУЮЩИЙ ОПЕ	РАЦИОННЫЙ УСИЛИТЕЛЬ СО СКОРОСТЬЮ	 НАРАСТАН	ИЯ ВЫХОДНО	ГО НАПРЯЖЕНИЯ ≥ 200 В/мкс 				
 	2.1.14 Серия ОСМ 15	4, ОСМ Н154 							
1 	ОСМ 154УД1А 	бК0.347.206ТУ1; РМ 11 091.926 	 	34 / 34 	3101.8 - 8.01 	±15 ± 10%	 0.16 	-60 ÷ +125	 БИПОЛ
 	ОПЕРАЦИОННЫЙ УСИЛИТЕЛЬ	 С РАЗНОСТЬЮ ВХОДНЫХ ТОКОВ ≤ 30 нА 							
2 	ОСМ 154УД1Б 	бК0.347.206 ТУ1; РМ 11 091.926 	 	34 / 34 	3101.8 - 8.01 	±15 ± 10%	 0.2 	-60 ÷ +125	 БИПОЛ
 	ОПЕРАЦИОННЫЙ УСИЛИТЕЛЬ	 С РАЗНОСТЬЮ ВХОДНЫХ ТОКОВ ≤ 60 нА 							
 	 								
 	БЫСТРОДЕЙСТВУЮЩИЙ ОПЕ	РАЦИОННЫЙ УСИЛИТЕЛЬ СО СКОРОСТЬЮ	 НАРАСТАН	ИЯ ВЫХОДНО	ГО НАПРЯЖЕНИЯ ≥ 80 В/мкс 				
4 	ОСМ 154УД3Б 	бК0.347.206ТУ3; РМ 11 091.926 	 	34 / 34 	3101.8 - 8.01 	±15 ± 10%	 7.5 	-60 ÷ +125	 БИПОЛ
 	БЫСТРОДЕЙСТВУЮЩИЙ ОПЕ	РАЦИОННЫЙ УСИЛИТЕЛЬ СО СКОРОСТЬЮ	 НАРАСТАН	ИЯ ВЫХОДНО	ГО НАПРЯЖЕНИЯ ≥ 60 В/мкс 				
5 	ОСМ 154УД4А 	бК0.347.206ТУ4; РМ 11 091.926 	 	34 / 34 	3101.8 - 8.01 	±15 ± 10%	 7.5 	-60 ÷ +12	5 БИПОЛ
 	БЫСТРОДЕЙСТВУЮЩИЙ ОПЕ	РАЦИОННЫЙ УСИЛИТЕЛЬ СО СКОРОСТЬЮ	 НАРАСТАН	ИЯ ВЫХОДНО	ГО НАПРЯЖЕНИЯ ≥ 400 В/мкс 				
6 	ОСМ 154УД4Б 	бК0.347.206ТУ4; РМ 11 091.926 	 	34 / 34 	3101.8 - 8.01 	±15 ± 10%	 7.5 	-60 ÷ +125	 БИПОЛ
 	БЫСТРОДЕЙСТВУЮЩИЙ ОПЕ	РАЦИОННЫЙ УСИЛИТЕЛЬ СО СКОРОСТЬЮ	 НАРАСТАН	ИЯ ВЫХОДНО	ГО НАПРЯЖЕНИЯ ≥ 200 В/мкс 				
7 	ОСМ Н154УД1А 	бК0.347.206ТУ1; РМ 11 091.926 	 	34 / 34 	Н04.16 - 2В 	±15 ± 10%	 0.16 	-60 ÷ +125	 БИПОЛ
 	ОПЕРАЦИОННЫЙ УСИЛИТЕЛЬ	 С РАЗНОСТЬЮ ВХОДНЫХ ТОКОВ ≤ 30 нА 							
8 	ОСМ Н154УД1Б 	бК0.347.206ТУ1; РМ 11 091.926 	 	34 / 34 	Н04.16 - 2В 	±15 ± 10%	 0.2 	-60 ÷ +125	 БИПОЛ
 	ОПЕРАЦИОННЫЙ УСИЛИТЕЛЬ	 С РАЗНОСТЬЮ ВХОДНЫХ ТОКОВ ≤ 60 нА 							
9 	ОСМ Н154УД3А 	бК0.347.206ТУ3; РМ 11 091.926 	 	34 / 34 	Н04.16 - 2В 	±15 ± 10%	 7.5 	-60 ÷ +125	 БИПОЛ
 	БЫСТРОДЕЙСТВУЮЩИЙ ОПЕ	РАЦИОННЫЙ УСИЛИТЕЛЬ СО СКОРОСТЬЮ	 НАРАСТАН	ИЯ ВЫХОДНО	ГО НАПРЯЖЕНИЯ ≥ 80 В/мкс 				
10 	ОСМ Н154УД3Б 	бК0.347.206ТУ3; РМ 11 091.926 	 	34 / 34 	Н04.16 - 2В 	±15 ± 10%	 7.5 	-60 ÷ +125	 БИПОЛ
 	БЫСТРОДЕЙСТВУЮЩИЙ ОПЕ	РАЦИОННЫЙ УСИЛИТЕЛЬ СО СКОРОСТЬЮ	 НАРАСТАН	ИЯ ВЫХОДНО	ГО НАПРЯЖЕНИЯ ≥ 60 В/мкс 				
 	2.1.32 Серия 710-1 								
1 	710УД1-1 	ХМ3.420.000ТУ 	НП 	34 / 34 	БЕСКОРП. 	±6 ± 10% 	0.8 	-60 ÷ +85	 БИПОЛ
 	ОПЕРАЦИОННЫЙ УСИЛИТЕЛЬ	 							
 	2.1.33 Серия 710-1Н 								
1 	710УД1-1Н 	ХМ3.420.000ТУ; РМ 11 091.926 	НП 	34 / 34 	БЕСКОРП. 	±6 ± 10% 	0.8 	-60 ÷ +85	 БИПОЛ
 	ОПЕРАЦИОННЫЙ УСИЛИТЕЛЬ	 							
 	2.1.34 Серия 740-1 								
1 	740УД1А-1 	бК0.347.011ТУ1 	 	34 / 34 	БЕСКОРП. 	±15 ± 10%	 6 	-60 ÷ +85	 БИПОЛ
 	ОПЕРАЦИОННЫЙ УСИЛИТЕЛЬ	 С НАПРЯЖЕНИЕМ СМЕЩЕНИЯ ≤ 9 мВ 							
2 	740УД1Б-1 	бК0.347.011ТУ1 	 	34 / 34 	БЕСКОРП. 	±15 ± 10%	 6 	-60 ÷ +85	 БИПОЛ
 	ОПЕРАЦИОННЫЙ УСИЛИТЕЛЬ	 С НАПРЯЖЕНИЕМ СМЕЩЕНИЯ НУЛЯ ≤ 7 м	В 						
3 	740УД3-1 	бК0.347.011ТУ2 	 	34 / 34 	БЕСКОРП. 	6.3 ± 10% 	6 	-60 ÷ +85	 БИПОЛ
 	ОПЕРАЦИОННЫЙ УСИЛИТЕЛЬ	 							
4 	740УД5-1 	бК0.347.011ТУ3 	 	34 / 34 	БЕСКОРП. 	±15 ± 10%	 4 	-60 ÷ +85	 БИПОЛ
 	ОПЕРАЦИОННЫЙ УСИЛИТЕЛЬ	 							
 	2.1.35 Серия 740-1Н 								
1 	740УД1А-1Н 	бК0.347.011ТУ1; РМ 11 091.926 	 	34 / 34 	БЕСКОРП. 	±15 ± 10%	 6 	-60 ÷ +85	 БИПОЛ
 	ОПЕРАЦИОННЫЙ УСИЛИТЕЛЬ	 С НАПРЯЖЕНИЕМ СМЕЩЕНИЯ ≤ 9 мВ 							
2 	740УД1Б-1Н 	бК0.347.011ТУ1; РМ 11 091.926 	 	34 / 34 	БЕСКОРП. 	±15 ± 10%	 6 	-60 ÷ +85	 БИПОЛ
 	ОПЕРАЦИОННЫЙ УСИЛИТЕЛЬ	 С НАПРЯЖЕНИЕМ СМЕЩЕНИЯ НУЛЯ ≤ 7 м	В 						
3 	740УД3-1Н 	бК0.347.011ТУ2; РМ 11 091.926 	 	34 / 34 	БЕСКОРП. 	6.3 ± 10% 	6 	-60 ÷ +85	 БИПОЛ
 	ОПЕРАЦИОННЫЙ УСИЛИТЕЛЬ	 							
4 	740УД5-1Н 	бК0.347.011ТУ3; РМ 11 091.926 	 	34 / 34 	БЕСКОРП. 	±15 ± 10%	 4 	-60 ÷ +85	 БИПОЛ
 	ОПЕРАЦИОННЫЙ УСИЛИТЕЛЬ	 							
1 	1419УД1 	бК0.347.527-01ТУ 	 	34 / 34 	4112.16 - 3 	±15 ± 10%	 15 	-60 ÷ +125	 БИПОЛ
 	БЫСТРОДЕЙСТВУЮЩИЙ ОПЕ	РАЦИОННЫЙ УСИЛИТЕЛЬ 							
2 	Б1419УД1А-1 	бК0.347.543-01ТУ 	 	34 / 34 	БЕСКОРП. 	±15 ± 10%	 15 	-60 ÷ +125	 БИПОЛ
 	БЫСТРОДЕЙСТВУЮЩИЙ ОПЕ	РАЦИОННЫЙ УСИЛИТЕЛЬ 							
3 	Б1419УД1Б-1 	бК0.347.543-01ТУ 	 	34 / 34 	БЕСКОРП. 	±15 ± 10%	 15 	-60 ÷ +125	 БИПОЛ
 	БЫСТРОДЕЙСТВУЮЩИЙ ОПЕ	РАЦИОННЫЙ УСИЛИТЕЛЬ 							
 	2.1.50 Серия 1463 								
1 	1463УБ11Р 	АЕЯР.431130.307-02ТУ 	 	33 / 33 	2101.8 - 7 	±4.5 ÷ ±16.5	 ±2.5 	-60 ÷ +125	 БИПОЛ
 	ИНСТРУМЕНТАЛЬНЫЙ ПРЕЦИ	ЗИОННЫЙ УСИЛИТЕЛЬ С ФИКСИРОВАННЫ	М КОЭФФИ	ЦИЕНТОМ УС	ИЛЕНИЯ 10 				
2 	1463УБ11У 	АЕЯР.431130.307-02ТУ 	 	33 / 33 	Н04.16 - 2В 	±4.5 ÷ ±16.5	 ±2.5 	-60 ÷ +125	 БИПОЛ
 	ИНСТРУМЕНТАЛЬНЫЙ ПРЕЦИ	ЗИОННЫЙ УСИЛИТЕЛЬ С ФИКСИРОВАННЫ	М КОЭФФИ	ЦИЕНТОМ УС	ИЛЕНИЯ 10 				
3 	1463УБ12Р 	АЕЯР.431130.307-03ТУ 	 	33 / 33 	2101.8 - 7 	±4.5 ÷ ±16.5	 ±2.5 	-60 ÷ +125	 БИПОЛ
 	ИНСТРУМЕНТАЛЬНЫЙ ПРЕЦИ	ЗИОННЫЙ УСИЛИТЕЛЬ С ФИКСИРОВАННЫ	М КОЭФФИ	ЦИЕНТОМ УС	ИЛЕНИЯ 100 				
4 	1463УБ12У 	АЕЯР.431130.307-03ТУ 	 	33 / 33 	Н04.16 - 2В 	±4.5 ÷ ±16.5	 ±2.5 	-60 ÷ +125	 БИПОЛ
 	ИНСТРУМЕНТАЛЬНЫЙ ПРЕЦИ	ЗИОННЫЙ УСИЛИТЕЛЬ С ФИКСИРОВАННЫ	М КОЭФФИ	ЦИЕНТОМ УС	ИЛЕНИЯ 100 				
5 	1463УБ13Р 	АЕЯР.431130.307-04ТУ 	 	33 / 33 	2101.8 - 7 	±4.5 ÷ ±16.5	 ±2.5 	-60 ÷ +125	 БИПОЛ
 	ИНСТРУМЕНТАЛЬНЫЙ ПРЕЦИ	ЗИОННЫЙ УСИЛИТЕЛЬ С ФИКСИРОВАННЫ	М КОЭФФИ	ЦИЕНТОМ УС	ИЛЕНИЯ 500 				
6 	1463УБ13У 	АЕЯР.431130.307-04ТУ 	 	33 / 33 	Н04.16 - 2В 	±4.5 ÷ ±16.5	 ±2.5 	-60 ÷ +125	 БИПОЛ
 	ИНСТРУМЕНТАЛЬНЫЙ ПРЕЦИ	ЗИОННЫЙ УСИЛИТЕЛЬ С ФИКСИРОВАННЫ	М КОЭФФИ	ЦИЕНТОМ УС	ИЛЕНИЯ 500 				
7 	1463УБ1АР 	АЕЯР.431130.307-01ТУ 	 	33 / 33 	2101.8 - 7 	±4.5 ÷ ±16.5	 ±2.5 	-60 ÷ +125	 БИПОЛ
 	ИНСТРУМЕНТАЛЬНЫЙ ПРЕЦИ	ЗИОННЫЙ УСИЛИТЕЛЬ С УСИЛЕНИЕМ, ПР	ОГРАММИР	УЕМЫМ ВНЕШ	НИМ РЕЗИСТОРОМ В ДИАПАЗОНЕ: 1,10,1	00,1000 			
8 	1463УБ1У 	АЕЯР.431130.307-01ТУ 	 	33 / 33 	Н04.16 - 2В 	±4.5 ÷ ±16.5	 ±2.5 	-60 ÷ +125	 БИПОЛ
 	ИНСТРУМЕНТАЛЬНЫЙ ПРЕЦИ	ЗИОННЫЙ УСИЛИТЕЛЬ С УСИЛЕНИЕМ, ПР	ОГРАММИР	УЕМЫМ ВНЕШ	НИМ РЕЗИСТОРОМ В ДИАПАЗОНЕ: 1, 10, 	100, 1000 			
9 	1463УД1Р 	АЕЯР.431130.308ТУ 	 	33 / 33 	2101.8 - 7 	3 ÷ 33; 	0.06 	-60 ÷ +125	 БИПОЛ
±1.5 ÷ ±16.5	 		
 	ПРЕЦИЗИОННЫЙ МИКРОМОЩ	НЫЙ ОПЕРАЦИОННЫЙ УСИЛИТЕЛЬ 							
10 	1463УД1У 	АЕЯР.431130.308ТУ 	 	33 / 33 	Н04.16 - 2В 	±1.5 ÷ ±16.5	; 0.06 	-60 ÷ +125	 БИПОЛ
3 ÷ 33 			
 	ПРЕЦИЗИОННЫЙ МИКРОМОЩ	НЫЙ ОПЕРАЦИОННЫЙ УСИЛИТЕЛЬ 							
11 	1463УД2Р 	АЕЯР.431130.513ТУ 	 	33 / 33 	2101.8 - 7 	±1.5 ÷ ±16.5	; 0.12 	-60 ÷ +125	 БИПОЛ
3 ÷ 33 			
 	СДВОЕННЫЙ ПРЕЦИЗИОННЫЙ	 МИКРОМОЩНЫЙ ОПЕРАЦИОННЫЙ УСИ	ЛИТЕЛЬ 						
12 	1463УД2У 	АЕЯР.431130.513ТУ 	 	33 / 33 	Н04.16 - 2В 	±1.5 ÷ ±16.5	; 0.12 	-60 ÷ +125	 БИПОЛ
3 ÷ 33 			
 	СДВОЕННЫЙ ПРЕЦИЗИОННЫЙ	 МИКРОМОЩНЫЙ ОПЕРАЦИОННЫЙ УСИ	ЛИТЕЛЬ 						
13 	1463УД3АР 	АЕЯР.431130.309ТУ 	 	33 / 33 	2101.8 - 7 	±4.5 ÷ ±16.5	 12 	-60 ÷ +125	 БИПОЛ
 	БЫСТРОДЕЙСТВУЮЩИЙ ШИР	ОКОПОЛОСНЫЙ ОПЕРАЦИОННЫЙ УСИЛИ	ТЕЛЬ С НАП	РЯЖЕНИЕМ С	МЕЩЕНИЯ ±0.55 мВ 				
14 	1463УД3АУ 	АЕЯР.431130.309ТУ 	 	33 / 33 	Н04.16 - 2В 	±4.5 ÷ ±16.5	 12 	-60 ÷ +125	 БИПОЛ
 	БЫСТРОДЕЙСТВУЮЩИЙ ШИР	ОКОПОЛОСНЫЙ ОПЕРАЦИОННЫЙ УСИЛИ	ТЕЛЬ С НАП	РЯЖЕНИЕМ С	МЕЩЕНИЯ ±0.55 мВ 				
 	 								
 	БЫСТРОДЕЙСТВУЮЩИЙ ШИР	ОКОПОЛОСНЫЙ ОПЕРАЦИОННЫЙ УСИЛИ	ТЕЛЬ С НАП	РЯЖЕНИЕМ С	МЕЩЕНИЯ ±0.85 мВ 				
16 	1463УД3БУ 	АЕЯР.431130.309ТУ 	 	33 / 33 	Н04.16 - 2В 	±4.5 ÷ ±16.5	 12 	-60 ÷ +125	 БИПОЛ
 	БЫСТРОДЕЙСТВУЮЩИЙ ШИР	ОКОПОЛОСНЫЙ ОПЕРАЦИОННЫЙ УСИЛИ	ТЕЛЬ С НАП	РЯЖЕНИЕМ С	МЕЩЕНИЯ ±0.85 мВ 				
17 	1463УД4У 	АЕЯР.431130.514ТУ 	 	33 / 33 	Н04.16 - 2В 	±1.5 ÷ ±16.5	; 0.24 	-60 ÷ +125	 БИПОЛ
3 ÷ 33 			
 	СЧЕТВЕРЕННЫЙ ПРЕЦИЗИОНН	ЫЙ МИКРОМОЩНЫЙ ОПЕРАЦИОННЫЙ У	СИЛИТЕЛЬ 						
 	2.1.51 Серия ОСМ 14	63 							
1 	ОСМ 1463УБ1У 	АЕЯР.431130.307-01ТУ; П0.070.052 	 	33 / 33 	Н04.16 - 2В 	±4.5 ÷ ±16.5	 ±2.5 	-60 ÷ +125	 БИПОЛ
 	ИНСТРУМЕНТАЛЬНЫЙ ПРЕЦИ	ЗИОННЫЙ УСИЛИТЕЛЬ С УСИЛЕНИЕМ, ПР	ОГРАММИР	УЕМЫМ ВНЕШ	НИМ РЕЗИСТОРОМ В ДИАПАЗОНЕ: 1,10,1	00,1000 			
2 	ОСМ 1463УБ4У 	АЕЯР.431130.514ТУ; П0.070.052 	 	33 / 33 	Н04.16 - 2В 	±1.5 ÷ ±16.5	 0.24 	-60 ÷ +125	 БИПОЛ
 	СЧЕТВЕРЕННЫЙ ПРЕЦИЗИОНН	ЫЙ МИКРОМОЩНЫЙ ОПЕРАЦИОННЫЙ У	СИЛИТЕЛЬ 						
3 	ОСМ 1463УД1Р 	АЕЯР.431130.308ТУ; П0.070.052 	 	33 / 33 	2101.8 - 7 	3 ÷ 33; 	0.06 	-60 ÷ +125	 БИПОЛ
±1.5 ÷ ±16.5	 		
 	ПРЕЦИЗИОННЫЙ МИКРОМОЩ	НЫЙ ОПЕРАЦИОННЫЙ УСИЛИТЕЛЬ 							
4 	ОСМ 1463УД1У 	АЕЯР.431130.308ТУ; П0.070.052 	 	33 / 33 	Н04.16 - 2В 	±1.5 ÷ ±16.5	; 0.06 	-60 ÷ +125	 БИПОЛ
3 ÷ 33 			
 	ПРЕЦИЗИОННЫЙ МИКРОМОЩ	НЫЙ ОПЕРАЦИОННЫЙ УСИЛИТЕЛЬ 							
5 	ОСМ 1463УД2Р 	АЕЯР.431130.513ТУ; П0.070.052 	 	33 / 33 	2101.8 - 7 	±1.5 ÷ ±16.5	; 0.12 	-60 ÷ +125	 БИПОЛ
3 ÷ 33 			
 	СДВОЕННЫЙ ПРЕЦИЗИОННЫЙ	 МИКРОМОЩНЫЙ ОПЕРАЦИОННЫЙ УСИ	ЛИТЕЛЬ 						
6 	ОСМ 1463УД2У 	АЕЯР.431130.513ТУ; П0.070.052 	 	33 / 33 	Н04.16 - 2В 	±1.5 ÷ ±16.5	; 0.12 	-60 ÷ +125	 БИПОЛ
3 ÷ 33 			
 	СДВОЕННЫЙ ПРЕЦИЗИОННЫЙ	 МИКРОМОЩНЫЙ ОПЕРАЦИОННЫЙ УСИ	ЛИТЕЛЬ 						
7 	ОСМ 1463УД3АУ 	АЕЯР.431130.309ТУ; П0.070.052 	 	33 / 33 	Н04.16 - 2В 	±4.5 ÷ ±16.5	 12 	-60 ÷ +125	 БИПОЛ
 	БЫСТРОДЕЙСТВУЮЩИЙ ШИР	ОКОПОЛОСНЫЙ ОПЕРАЦИОННЫЙ УСИЛИ	ТЕЛЬ С НАП	РЯЖЕНИЕМ С	МЕЩЕНИЯ ±0.55 мВ 				
8 	ОСМ 1463УД3АР 	АЕЯР.431130.309ТУ; П0.070.052 	 	33 / 33 	2101.8 - 7 	±4.5 ÷ ±16.5	 12 	-60 ÷ +125	 БИПОЛ
 	БЫСТРОДЕЙСТВУЮЩИЙ ШИР	ОКОПОЛОСНЫЙ ОПЕРАЦИОННЫЙ УСИЛИ	ТЕЛЬ С НАП	РЯЖЕНИЕМ С	МЕЩЕНИЯ ±0.55 мВ 				
 	2.3 Компараторы 								
 	2.3.1 Серия 521, Н52	1 							
1 	521СА101 	бК0.347.015ТУ1 	 	33 / 33 	3107.12 - 1, 1НБ; 301.12 - 1.02	 12 ± 5%; 	13, 10 	-60 ÷ +125	 БИПОЛ
-6 ± 5% 			
 	СДВОЕННЫЙ КОМПАРАТОР Н	АПРЯЖЕНИЯ С РАЗНОСТЬЮ ВХОДНЫХ ТО	КОВ 20 мкА И	 ВРЕМЕНЕМ 	ЗАДЕРЖКИ ВЫКЛЮЧЕНИЯ 250 нс 				
2 	521СА201 	бК0.347.015ТУ1 	 	33 / 33 	3101.8 - 1, 1НБ; 301.8 - 2.02 	12 ± 5%; 	10, 9 	-60 ÷ +125	 БИПОЛ
-6 ± 5% 			
 	КОМПАРАТОР НАПРЯЖЕНИЯ 	С РАЗНОСТЬЮ ВХОДНЫХ ТОКОВ 20 мкА И 	ВРЕМЕНЕМ З	АДЕРЖКИ ВЫ	КЛЮЧЕНИЯ 325 нс 				
3 	521СА301 	бК0.347.015ТУ2 	З 	33 / 33 	3101.8 - 1, 1НБ; 301.8 - 2.02 	±15 ± 10%	 7, 6 	-60 ÷ +125	 БИПОЛ
 	КОМПАРАТОР НАПРЯЖЕНИЯ 	С РАЗНОСТЬЮ ВХОДНЫХ ТОКОВ 0.04 мкА И	 ВРЕМЕНЕМ	 ЗАДЕРЖКИ В	ЫКЛЮЧЕНИЯ 650 нс 				
4 	521СА401 	бК0.347.015ТУ3 	З 	33 / 33 	3107.12 - 1, 1НБ; 301.12 - 1.02	 5 ± 5%; 	18, 4, 8.5	 -60 ÷ +125	 БИПОЛ
±9 ± 10% 			
 	КОМПАРАТОР НАПРЯЖЕНИЯ 	С РАЗНОСТЬЮ ВХОДНЫХ ТОКОВ 2 мкА И В	РЕМЕНЕМ ЗА	ДЕРЖКИ ВЫ	КЛЮЧЕНИЯ 62 нс 				
-6 ± 5% 			
 	КОМПАРАТОР НАПРЯЖЕНИЯ 	С РАЗНОСТЬЮ ВХОДНЫХ ТОКОВ 3 мкА И В	РЕМЕНЕМ ЗА	ДЕРЖКИ ВЫ	КЛЮЧЕНИЯ 40 нс 				
6 	Н521СА3 	бК0.347.015ТУ2 	 	33 / 33 	Н04.16 - 2В, 2ВНБ 	±15 ± 10%	 7, 6 	-60 ÷ +125	 БИПОЛ
 	КОМПАРАТОР НАПРЯЖЕНИЯ 	С РАЗНОСТЬЮ ВХОДНЫХ ТОКОВ 0.04 мкА И	 ВРЕМЕНЕМ	 ЗАДЕРЖКИ В	ЫКЛЮЧЕНИЯ 650 нс 				
 	2.3.2 Серия Б521-1(5	21Н1) 							
1 	Б521СА3-1 	бК0.347.115ТУ2 	З 	33 / 33 	БЕСКОРП. 	±15 ± 10%	 7, 6 	-60 ÷ +100	 БИПОЛ
 	КОМПАРАТОР НАПРЯЖЕНИЯ 	С РАЗНОСТЬЮ ВХОДНЫХ ТОКОВ 0.04 мкА И	 ВРЕМЕНЕМ	 ЗАДЕРЖКИ В	ЫКЛЮЧЕНИЯ 650 нс 				
2 	Б521СА4-1 	бК0.347.115-03ТУ 	 	33 / 33 	БЕСКОРП. 	5 ± 5%; 	18, 4, 8.5	 -60 ÷ +100	 БИПОЛ
±9 ± 10% 			
 	КОМПАРАТОР НАПРЯЖЕНИЯ 	С РАЗНОСТЬЮ ВХОДНЫХ ТОКОВ 2 мкА И В	РЕМЕНЕМ ЗА	ДЕРЖКИ ВЫ	КЛЮЧЕНИЯ 62 нс 				
 	2.3.3 Серия Б521-2 								
1 	Б521СА5-2 	бК0.347.454-05ТУ 	 	34 / 34 	БЕСКОРП. 	-6 ± 5%; 	8, 4.5 	-60 ÷ +100	 БИПОЛ
12 ± 5% 			
 	КОМПАРАТОР НАПРЯЖЕНИЯ 	С РАЗНОСТЬЮ ВХОДНЫХ ТОКОВ 3 мкА И В	РЕМЕНЕМ ЗА	ДЕРЖКИ ВЫ	КЛЮЧЕНИЯ 40 нс 				
 	2.3.4 Серия Б521-4 (5	21Н4) 							
1 	Б521СА1-4 	бК0.347.115ТУ1 	 	33 / 33 	БЕСКОРП. 	-6 ± 10%; 	13, 10 	-60 ÷ +85	 БИПОЛ
12 ± 10% 			
 	СДВОЕННЫЙ КОМПАРАТОР Н	АПРЯЖЕНИЯ С РАЗНОСТЬЮ ВХОДНЫХ ТО	КОВ 20 мкА И	 ВРЕМЕНЕМ 	ЗАДЕРЖКИ ВЫКЛЮЧЕНИЯ 250 нс 				
2 	Б521СА2-4 	бК0.347.115ТУ1 	 	33 / 33 	БЕСКОРП. 	-6 ± 10%; 	10, 9 	-60 ÷ +85	 БИПОЛ
12 ± 10% 			
 	КОМПАРАТОР НАПРЯЖЕНИЯ 	С РАЗНОСТЬЮ ВХОДНЫХ ТОКОВ 20 мкА И 	ВРЕМЕНЕМ З	АДЕРЖКИ ВЫ	КЛЮЧЕНИЯ 325 нс 				
3 	Б521СА3-4 	бК0.347.115ТУ2 	З 	33 / 33 	БЕСКОРП. 	±15 ± 10%	 7, 6 	-60 ÷ +85	 БИПОЛ
 	КОМПАРАТОР НАПРЯЖЕНИЯ 	С РАЗНОСТЬЮ ВХОДНЫХ ТОКОВ 0.04 мкА И	 ВРЕМЕНЕМ	 ЗАДЕРЖКИ В	ЫКЛЮЧЕНИЯ 650 нс 				
4 	Б521СА4-4 	бК0.347.115-03ТУ 	 	33 / 33 	БЕСКОРП. 	±9 ± 10%;	  18, 4, 8.5	 -60 ÷ +85	 БИПОЛ
5 ± 5% 			
 	КОМПАРАТОР НАПРЯЖЕНИЯ 	С РАЗНОСТЬЮ ВХОДНЫХ ТОКОВ 2 мкА И В	РЕМЕНЕМ ЗА	ДЕРЖКИ ВЫ	КЛЮЧЕНИЯ 62 нс 				
 	2.3.5 Серия Б521-1Н	, Б521-2Н 							
1 	Б521СА3-1Н 	бК0.347.115ТУ2; РМ 11 091.926 	 	33 / 33 	БЕСКОРП. 	±15 ± 10%	 7, 6 	-60 ÷ +100	 БИПОЛ
 	КОМПАРАТОР НАПРЯЖЕНИЯ 	С РАЗНОСТЬЮ ВХОДНЫХ ТОКОВ 0.04 мкА И	 ВРЕМЕНЕМ	 ЗАДЕРЖКИ В	ЫКЛЮЧЕНИЯ 650 нс 				
2 	Б521СА4-1Н 	бК0.347.115-03ТУ; РМ 11 091.926 	 	33 / 33 	БЕСКОРП. 	5 ± 5%; 	18, 4, 8.5	 -60 ÷ +100	 БИПОЛ
±9 ± 10% 			
 	КОМПАРАТОР НАПРЯЖЕНИЯ 	С РАЗНОСТЬЮ ВХОДНЫХ ТОКОВ 2 мкА И В	РЕМЕНЕМ ЗА	ДЕРЖКИ ВЫ	КЛЮЧЕНИЯ 62 нс 				
3 	Б521СА5-2Н 	бК0.347.454-05ТУ; РМ 11 091.926 	 	34 / 34 	БЕСКОРП. 	12 ± 5%; 	8, 4.5 	-60 ÷ +100	 БИПОЛ
-6 ± 5% 			
 	КОМПАРАТОР НАПРЯЖЕНИЯ 	С РАЗНОСТЬЮ ВХОДНЫХ ТОКОВ 3 мкА И В	РЕМЕНЕМ З	АДЕРЖКИ ВЫ	КЛЮЧЕНИЯ 40 нс 				
 	 								
 	 								
 	 								
1 	ОСМ 521СА101 	бК0.347.015ТУ1; П0.070.052 	 	33 / 33 	3107.12 - 1, 1.02 	-6 ± 5%; 	13, 10 	-60 ÷ +125	 БИПОЛ
12 ± 5% 			
 	СДВОЕННЫЙ КОМПАРАТОР Н	АПРЯЖЕНИЯ С РАЗНОСТЬЮ ВХОДНЫХ ТО	КОВ 20 мкА И	 ВРЕМЕНЕМ 	ЗАДЕРЖКИ ВЫКЛЮЧЕНИЯ 250 нс 				
2 	ОСМ 521СА201 	бК0.347.015ТУ1; П0.070.052 	 	33 / 33 	301.8 - 2.02; 3101.8 - 1 	-6 ± 5%; 	10, 9 	-60 ÷ +125	 БИПОЛ
12 ± 5% 			
 	КОМПАРАТОР НАПРЯЖЕНИЯ 	С РАЗНОСТЬЮ ВХОДНЫХ ТОКОВ 20 мкА И 	ВРЕМЕНЕМ З	АДЕРЖКИ ВЫ	КЛЮЧЕНИЯ 325 нс 				
3 	ОСМ 521СА301 	бК0.347.015ТУ2; П0.070.052 	 	33 / 33 	3101.8 - 1; 301.8 - 2.02 	±15 ± 10%	 7, 6 	-60 ÷ +125	 БИПОЛ
 	КОМПАРАТОР НАПРЯЖЕНИЯ 	С РАЗНОСТЬЮ ВХОДНЫХ ТОКОВ 0.04 мкА И	 ВРЕМЕНЕМ	 ЗАДЕРЖКИ В	ЫКЛЮЧЕНИЯ 650 нс 				
4 	ОСМ 521СА401 	бК0.347.015ТУ3; П0.070.052 	 	33 / 33 	3107.12 - 1, 1.02 	±9 ± 10%;	 18, 4, 8.5	 -60 ÷ +125	 БИПОЛ
5 ± 5% 			
 	КОМПАРАТОР НАПРЯЖЕНИЯ 	С РАЗНОСТЬЮ ВХОДНЫХ ТОКОВ 2 мкА И В	РЕМЕНЕМ ЗА	ДЕРЖКИ ВЫ	КЛЮЧЕНИЯ 62 нс 				
5 	ОСМ 521СА5 	бК0.347.015ТУ4; П0.070.052 	 	34 / 34 	401.14 - 4.03 	-6 ± 5%; 	8, 4.5 	-60 ÷ +125	 БИПОЛ
12 ± 5% 			
 	КОМПАРАТОР НАПРЯЖЕНИЯ 	С РАЗНОСТЬЮ ВХОДНЫХ ТОКОВ 3 мкА И В	РЕМЕНЕМ ЗА	ДЕРЖКИ ВЫ	КЛЮЧЕНИЯ 40 нс 				
6 	ОСМ Н521СА3 	бК0.347.015ТУ2; П0.070.052 	 	33 / 33 	Н04.16 - 2В 	±15 ± 10%	 7, 6 	-60 ÷ +125	 БИПОЛ
 	КОМПАРАТОР НАПРЯЖЕНИЯ 	С РАЗНОСТЬЮ ВХОДНЫХ ТОКОВ 0.04 мкА И	 ВРЕМЕНЕМ	 ЗАДЕРЖКИ В	ЫКЛЮЧЕНИЯ 650 нс 				
 	2.3.7 Серия Р554 								
1 	Р554СА3А 	бК0.347.473-02ТУ 	 	33 / 33 	2101.8 - 1 	±15 ± 10%	 7, 6 	-60 ÷ +100	 БИПОЛ
 	КОМПАРАТОР НАПРЯЖЕНИЯ 								
 	2.3.8 Серия 597, 597Н	4 							
1 	597СА3АТ1 АР 	АЕЯР.431350.353ТУ 	 	33 / 33 	402.16 - 33Н 	±15 ± 10%	 2.7, 1.1 	-60 ÷ +125	 БИПОЛ
 	ДВА КОМПАРАТОРА НАПРЯЖ	ЕНИЯ ДЛЯ СРАВНЕНИЯ АНАЛОГОВЫХ ВЕЛ	ИЧИН ИЛИ С	ОГЛАСОВАН	ИЯ ЛОГИЧЕСКИХ УРОВНЕЙ СИСТЕМ МИК	РОСХЕМ С ВРЕМЕ	НЕМ ЗАДЕРЖКИ 	≤ 500 нс 	
2 	597СА3АТ АР 	АЕЯР.431350.353ТУ 	 	33 / 33 	402.16 - 33 	±15 ± 10%	 2.7, 1.1 	-60 ÷ +125	 БИПОЛ
 	ДВА КОМПАРАТОРА НАПРЯЖ	ЕНИЯ ДЛЯ СРАВНЕНИЯ АНАЛОГОВЫХ ВЕЛ	ИЧИН ИЛИ С	ОГЛАСОВАН	ИЯ ЛОГИЧЕСКИХ УРОВНЕЙ СИСТЕМ МИК	РОСХЕМ С ВРЕМЕ	НЕМ ЗАДЕРЖКИ 	≤ 500 нс 	
3 	597СА3БТ1 АР 	АЕЯР.431350.353ТУ 	 	33 / 33 	402.16 - 33Н 	±15 ± 10%	 2.7, 1.1 	-60 ÷ +12	5 БИПОЛ
 	ДВА КОМПАРАТОРА НАПРЯЖ	ЕНИЯ ДЛЯ СРАВНЕНИЯ АНАЛОГОВЫХ ВЕЛ	ИЧИН ИЛИ С	ОГЛАСОВАН	ИЯ ЛОГИЧЕСКИХ УРОВНЕЙ СИСТЕМ МИК	РОСХЕМ С ВРЕМЕ	НЕМ ЗАДЕРЖКИ 	≤ 570 нс 	
4 	597СА3БТ АР 	АЕЯР.431350.353ТУ 	 	33 / 33 	402.16 - 33 	±15 ± 10%	 2.7, 1.1 	-60 ÷ +125	 БИПОЛ
 	ДВА КОМПАРАТОРА НАПРЯЖ	ЕНИЯ ДЛЯ СРАВНЕНИЯ АНАЛОГОВЫХ ВЕЛ	ИЧИН ИЛИ 	СОГЛАСОВАН	ИЯ ЛОГИЧЕСКИХ УРОВНЕЙ СИСТЕМ МИК	РОСХЕМ С ВРЕМЕ	НЕМ ЗАДЕРЖКИ 	≤ 570 нс 	
5 	597СА3Н4 АР 	АЕЯР.431350.353ТУ 	 	33 / 33 	БЕСКОРП. 	±15 ± 10%	 2.7, 1.1 	-60 ÷ +125	 БИПОЛ
 	ДВА КОМПАРАТОРА НАПРЯЖ	ЕНИЯ ДЛЯ СРАВНЕНИЯ АНАЛОГОВЫХ ВЕЛ	ИЧИН ИЛИ 	СОГЛАСОВАН	ИЯ ЛОГИЧЕСКИХ УРОВНЕЙ СИСТЕМ МИК	РОСХЕМ 			
 	2.3.9 Серия ОСМ 597	 							
1 	ОСМ 597СА3АТ АР 	АЕЯР.431350.353ТУ; П0.070.052 	 	33 / 33 	402.16 - 33 	±15 ± 10%	 2.7, 1.1 	-60 ÷ +125	 БИПОЛ
 	ДВА КОМПАРАТОРА НАПРЯЖ	ЕНИЯ ДЛЯ СРАВНЕНИЯ АНАЛОГОВЫХ ВЕЛ	ИЧИН ИЛИ 	СОГЛАСОВАН	ИЯ ЛОГИЧЕСКИХ УРОВНЕЙ СИСТЕМ МИК	РОСХЕМ С ВРЕМЕ	НЕМ ЗАДЕРЖКИ 	≤ 500 нс 	
2 	ОСМ 597СА3БТ АР 	АЕЯР.431350.353ТУ; П0.070.052 	 	33 / 33 	402.16 - 33 	±15 ± 10%	 2.7, 1.1 	-60 ÷ +125	 БИПОЛ
 	ДВА КОМПАРАТОРА НАПРЯЖ	ЕНИЯ ДЛЯ СРАВНЕНИЯ АНАЛОГОВЫХ ВЕЛ	ИЧИН ИЛИ 	СОГЛАСОВАН	ИЯ ЛОГИЧЕСКИХ УРОВНЕЙ СИСТЕМ МИК	РОСХЕМ С ВРЕМЕ	НЕМ ЗАДЕРЖКИ 	≤ 570 нс 	
 	 								
 	 								
 	 								
1 	1121СА1 	бК0.347.480-01ТУ 	 	34 / 34 	4112.16 - 3 	5 ± 10%; 	45, 20 	-60 ÷ +85	 БИПОЛ
±12 ± 10%	 		
 	4-КАНАЛЬНЫЙ КОМПАРАТОР	 НАПРЯЖЕНИЙ СРЕДНЕЙ ТОЧНОСТИ И БЫ	СТРОДЕЙСТВ	ИЯ 					
 	2.3.12 Серия ОСМ 11	21 							
1 	ОСМ 1121СА1 	бК0.347.480-01ТУ; П0.070.052 	 	34 / 34 	4112.16 - 3 	5 ± 10%; 	45, 20 	-60 ÷ +85	 БИПОЛ
±12 ± 10%	 		
 	4-КАНАЛЬНЫЙ КОМПАРАТОР	 НАПРЯЖЕНИЙ СРЕДНЕЙ ТОЧНОСТИ И БЫ	СТРОДЕЙСТВ	ИЯ 					
 	2.3.13 Серия 1135,113	5Н1, Б1135-2 							
1 	1135СА1 	бК0.347.481-01ТУ 	З 	34 / 34 	4112.16 - 3 	5 ± 10%; 	15.5, 9 	-60 ÷ +125	 БИПОЛ
6 ± 10%; 			
12 ± 10% 			
 	КОМПАРАТОР НАПРЯЖЕНИЯ 	С ВРЕМЕНЕМ ЗАДЕРЖКИ ВЫКЛЮЧЕНИЯ ≤	 300 нс 						
2 	1135СА2 	бК0.347.481-02ТУ 	З 	34 / 34 	4112.16 - 3 	5 ± 10%; 	15, 9 	-60 ÷ +12	5 БИПОЛ
±15 ± 10%	 		
 	КОМПАРАТОР НАПРЯЖЕНИЯ 	С ВРЕМЕНЕМ ЗАДЕРЖКИ ВЫКЛЮЧЕНИЯ ≤	 80 нс 						
3 	Б1135СА1-2 	бК0.347.575-01ТУ 	 	34 / 34 	БЕСКОРП. 	12 ± 10%;	 15.5, 9 	-60 ÷ +100	 БИПОЛ
5 ± 10%; 			
-6 ± 10% 			
 	КОМПАРАТОР НАПРЯЖЕНИЯ 	С ВРЕМЕНЕМ ЗАДЕРЖКИ ВЫКЛЮЧЕНИЯ ≤	 300 нс 						
4 	Б1135СА2-2 	бК0.347.575-02ТУ 	 	34 / 34 	БЕСКОРП. 	±15 ± 10%;	 15, 8 	-60 ÷ +100	 БИПОЛ
5 ± 10% 			
 	2.3.14 Серия Б1135-2	Н 							
1 	Б1135СА1-2Н 	бК0.347.575-01ТУ; РМ 11 091.926 	 	34 / 34 	БЕСКОРП. 	5 ± 10%; 	15.5, 9 	-60 ÷ +100	 БИПОЛ
-6 ± 10%; 			
12 ± 10% 			
 	КОМПАРАТОР НАПРЯЖЕНИЯ 	С ВРЕМЕНЕМ ЗАДЕРЖКИ ВЫКЛЮЧЕНИЯ ≤	 300 нс 						
 	 								
2 	Б1135СА2-2Н 	бК0.347.575-02ТУ; РМ 11 091.926 	 	34 / 34 	БЕСКОРП. 	±15 ± 10%;	 15, 8 	-60 ÷ +100	 БИПОЛ
5 ± 10% 			
 	КОМПАРАТОР НАПРЯЖЕНИЯ 	С ВРЕМЕНЕМ ЗАДЕРЖКИ ВЫКЛЮЧЕНИЯ ≤	 80 нс 						
 	2.3.15 Серия ОСМ 11	35 							
1 	ОСМ 1135СА1 	бК0.347.481-01ТУ; П0.070.052 	 	34 / 34 	4112.16 - 3 	5 ± 10%; 	15.5, 9 	-60 ÷ +125	 БИПОЛ
-6 ± 10%; 			
12 ± 10%;	 		
12 ± 10% 			
 	КОМПАРАТОР НАПРЯЖЕНИЯ 	С ВРЕМЕНЕМ ЗАДЕРЖКИ ВЫКЛЮЧЕНИЯ ≤	 300 нс 						
 	 								
 	 								
±15 ± 10%	 		
 	КОМПАРАТОР НАПРЯЖЕНИЯ 	С ВРЕМЕНЕМ ЗАДЕРЖКИ ВЫКЛЮЧЕНИЯ ≤	 80 нс 						
 	2.4 Преобразователи	 сигналов 							
 	2.4.14 Серия 1108, Р1	108, Б1108-4 							
1 	1108ПП1 	бК0.347.347-03ТУ 	 	33 / 33 	201.14 - 10, 10Н 	±15 ± 5% 	7, 7 	-60 ÷ +85	 БИПОЛ
 	ПРЕЦИЗИОННЫЙ ПРЕОБРАЗОВ	АТЕЛЬ НАПРЯЖЕНИЕ-ЧАСТОТА-НАПРЯЖ	ЕНИЕ 						
2 	Б1108ПП1-4 	бК0.347.347-03ТУ 	 	33 / 33 	БЕСКОРП. 	±15 ± 5% 	7, 7 	-60 ÷ +85	 БИПОЛ
 	ПРЕЦИЗИОННЫЙ ПРЕОБРАЗОВ	АТЕЛЬ НАПРЯЖЕНИЕ-ЧАСТОТА-НАПРЯЖ	ЕНИЕ 						
3 	Р1108ПП1 	бК0.347.347-03ТУ 	 	33 / 33 	201.14 - 1 	±15 ± 5% 	7, 7 	-60 ÷ +85	 БИПОЛ
 	ПРЕЦИЗИОННЫЙ ПРЕОБРАЗОВ	АТЕЛЬ НАПРЯЖЕНИЕ-ЧАСТОТА-НАПРЯЖ	ЕНИЕ 						
 	2.4.15 Серия ОСМ 11	08 							
1 	ОСМ 1108ПП1 	бК0.347.347-03ТУ; П0.070.052 	 	33 / 33 	201.14 - 10 	±15 ± 5% 	7, 7 	-60 ÷ +85	 БИПОЛ
 	ПРЕЦИЗИОННЫЙ ПРЕОБРАЗОВ	АТЕЛЬ НАПРЯЖЕНИЕ-ЧАСТОТА-НАПРЯЖ	ЕНИЕ 						
 	2.5 Формирователи, 	модуляторы, детекторы и ге	нераторы	 					
 	2.5.6 Серия М1006, Р	1006, Б1006-4 							
1 	Б1006ВИ1-4 	бК0.347.571-01ТУ 	 	33 / 33 	БЕСКОРП. 	5 ÷ 15 	15 	-60 ÷ +125	 БИПОЛ
 	ВРЕМЯЗАДАЮЩАЯ СХЕМА (Т	АЙМЕР) 							
2 	М1006ВИ1 	бК0.347.395-01ТУ 	 	33 / 33 	201.14 - 10, 10Н 	5 ÷ 15 	15 	-60 ÷ +125	 БИПОЛ
 	ВРЕМЯЗАДАЮЩАЯ СХЕМА (Т	АЙМЕР) 							
3 	Р1006ВИ1 	бК0.347.395-01ТУ 	 	33 / 33 	201.14 - 1 	5 ÷ 15 	15 	-60 ÷ +100	 БИПОЛ
 	ВРЕМЯЗАДАЮЩАЯ СХЕМА (Т	АЙМЕР) 							
 	2.5.7 Серия ОСМ М1	006 							
1 	ОСМ М1006ВИ1 	бК0.347.395-01ТУ; П0.070.052 	 	33 / 33 	201.14 - 10 	5 ÷ 15 	15 	-60 ÷ +125	 БИПОЛ
 	ВРЕМЯЗАДАЮЩАЯ СХЕМА (Т	АЙМЕР) 							
 	2.7 Микросхемы ана	логовые прочие 							
 	2.7.1 Серия 129-1 (12	9Н1) 							
1 	129НТ1А-1 	ХМ3.456.013ТУ 	НП 	34 / 34 	БЕСКОРП. 	- 	- 	-60 ÷ +125	 БИПОЛ
 	БАЗОВАЯ СХЕМА ДИФФЕРЕНЦ	ИАЛЬНОГО УСИЛИТЕЛЯ С РАЗНОСТЬЮ Н	АПРЯЖЕНИЙ	 ЭМИТТЕР-БА	ЗА ≤ 3 мВ И СТАТИЧЕСКИМ КОЭФФИЦИЕ	НТОМ ПЕРЕДАЧИ Т	ОКА (30 ÷ 90) 		
2 	129НТ1Б-1 	ХМ3.456.013ТУ 	НП 	34 / 34 	БЕСКОРП. 	- 	- 	-60 ÷ +125	 БИПОЛ
 	БАЗОВАЯ СХЕМА ДИФФЕРЕНЦ	ИАЛЬНОГО УСИЛИТЕЛЯ С РАЗНОСТЬЮ Н	АПРЯЖЕНИЙ	 ЭМИТТЕР-БА	ЗА ≤ 3 мВ И СТАТИЧЕСКИМ КОЭФФИЦИЕ	НТОМ ПЕРЕДАЧИ Т	ОКА (60 ÷ 180) 		
3 	129НТ1В-1 	ХМ3.456.013ТУ 	НП 	34 / 34 	БЕСКОРП. 	- 	- 	-60 ÷ +125	 БИПОЛ
 	БАЗОВАЯ СХЕМА ДИФФЕРЕНЦ	ИАЛЬНОГО УСИЛИТЕЛЯ С РАЗНОСТЬЮ Н	АПРЯЖЕНИЙ	 ЭМИТТЕР-БА	ЗА ≤ 3 мВ И СТАТИЧЕСКИМ КОЭФФИЦИЕ	НТОМ ПЕРЕДАЧИ Т	ОКА ≥ 80 		
4 	129НТ1Г-1 	ХМ3.456.013ТУ 	НП 	34 / 34 	БЕСКОРП. 	- 	- 	-60 ÷ +12	5 БИПОЛ
 	БАЗОВАЯ СХЕМА ДИФФЕРЕНЦ	ИАЛЬНОГО УСИЛИТЕЛЯ С РАЗНОСТЬЮ Н	АПРЯЖЕНИЙ	 ЭМИТТЕР-БА	ЗА ≤ 10 мВ И СТАТИЧЕСКИМ КОЭФФИЦИ	ЕНТОМ ПЕРЕДАЧИ	 ТОКА (30 ÷ 90) 		
5 	129НТ1Д-1 	ХМ3.456.013ТУ 	НП 	34 / 34 	БЕСКОРП. 	- 	- 	-60 ÷ +125	 БИПОЛ
 	БАЗОВАЯ СХЕМА ДИФФЕРЕНЦ	ИАЛЬНОГО УСИЛИТЕЛЯ С РАЗНОСТЬЮ Н	АПРЯЖЕНИЙ	 ЭМИТТЕР-БА	ЗА ≤ 10 мВ И СТАТИЧЕСКИМ КОЭФФИЦИ	ЕНТОМ ПЕРЕДАЧИ	 ТОКА (60 ÷ 180) 		
 	 								
 	БАЗОВАЯ СХЕМА ДИФФЕРЕНЦ	ИАЛЬНОГО УСИЛИТЕЛЯ С РАЗНОСТЬЮ Н	АПРЯЖЕНИЙ	 ЭМИТТЕР-БА	ЗА ≤ 10 мВ И СТАТИЧЕСКИМ КОЭФФИЦИ	ЕНТОМ ПЕРЕДАЧИ	 ТОКА (80) 		
7 	129НТ1Ж-1 	ХМ3.456.013ТУ 	НП 	34 / 34 	БЕСКОРП. 	- 	- 	-60 ÷ +125	 БИПОЛ
 	БАЗОВАЯ СХЕМА ДИФФЕРЕНЦ	ИАЛЬНОГО УСИЛИТЕЛЯ С РАЗНОСТЬЮ Н	АПРЯЖЕНИЙ	 ЭМИТТЕР-БА	ЗА ≤ 3 мВ И СТАТИЧЕСКИМ КОЭФФИЦИЕ	НТОМ ПЕРЕДАЧИ Т	ОКА (40 ÷ 160) 		
8 	129НТ1И-1 	ХМ3.456.013ТУ 	НП 	34 / 34 	БЕСКОРП. 	- 	- 	-60 ÷ +125	 БИПОЛ
 	БАЗОВАЯ СХЕМА ДИФФЕРЕНЦ	ИАЛЬНОГО УСИЛИТЕЛЯ С РАЗНОСТЬЮ Н	АПРЯЖЕНИЙ	 ЭМИТТЕР-БА	ЗА ≤ 10 мВ И СТАТИЧЕСКИМ КОЭФФИЦИ	ЕНТОМ ПЕРЕДАЧИ	 ТОКА (40 ÷ 160) 		
 	2.7.2 Серия 129-1Н 								
1 	129НТ1А-1Н 	ХМ3.456.013ТУ; РМ 11 091.926 	НП 	34 / 34 	БЕСКОРП. 	- 	- 	-60 ÷ +125	 БИПОЛ
 	БАЗОВАЯ СХЕМА ДИФФЕРЕНЦ	ИАЛЬНОГО УСИЛИТЕЛЯ С РАЗНОСТЬЮ Н	АПРЯЖЕНИЙ	 ЭМИТТЕР-БА	ЗА ≤ 3 мВ И СТАТИЧЕСКИМ КОЭФФИЦИЕ	НТОМ ПЕРЕДАЧИ Т	ОКА (30 ÷ 90) 		
2 	129НТ1Б-1Н 	ХМ3.456.013ТУ; РМ 11 091.926 	НП 	34 / 34 	БЕСКОРП. 	- 	- 	-60 ÷ +125	 БИПОЛ
 	БАЗОВАЯ СХЕМА ДИФФЕРЕНЦ	ИАЛЬНОГО УСИЛИТЕЛЯ С РАЗНОСТЬЮ Н	АПРЯЖЕНИЙ	 ЭМИТТЕР-БА	ЗА ≤ 3 мВ И СТАТИЧЕСКИМ КОЭФФИЦИЕ	НТОМ ПЕРЕДАЧИ Т	ОКА (60 ÷ 180) 		
3 	129НТ1В-1Н 	ХМ3.456.013ТУ; РМ 11 091.926 	НП 	34 / 34 	БЕСКОРП. 	- 	- 	-60 ÷ +125	 БИПОЛ
 	БАЗОВАЯ СХЕМА ДИФФЕРЕНЦ	ИАЛЬНОГО УСИЛИТЕЛЯ С РАЗНОСТЬЮ Н	АПРЯЖЕНИЙ	 ЭМИТТЕР-БА	ЗА ≤ 3 мВ И СТАТИЧЕСКИМ КОЭФФИЦИЕ	НТОМ ПЕРЕДАЧИ Т	ОКА ≥ 80 		
4 	129НТ1Г-1Н 	ХМ3.456.013ТУ; РМ 11 091.926 	НП 	34 / 34 	БЕСКОРП. 	- 	- 	-60 ÷ +125	 БИПОЛ
 	БАЗОВАЯ СХЕМА ДИФФЕРЕНЦ	ИАЛЬНОГО УСИЛИТЕЛЯ С РАЗНОСТЬЮ Н	АПРЯЖЕНИЙ	 ЭМИТТЕР-БА	ЗА ≤ 10 мВ И СТАТИЧЕСКИМ КОЭФФИЦИ	ЕНТОМ ПЕРЕДАЧИ	 ТОКА (30 ÷ 90) 		
5 	129НТ1Д-1Н 	ХМ3.456.013ТУ; РМ 11 091.926 	НП 	34 / 34 	БЕСКОРП. 	- 	- 	-60 ÷ +125	 БИПОЛ
 	БАЗОВАЯ СХЕМА ДИФФЕРЕНЦ	ИАЛЬНОГО УСИЛИТЕЛЯ С РАЗНОСТЬЮ Н	АПРЯЖЕНИЙ	 ЭМИТТЕР-БА	ЗА ≤ 10 мВ И СТАТИЧЕСКИМ КОЭФФИЦИ	ЕНТОМ ПЕРЕДАЧИ	 ТОКА (60 ÷ 180) 		
6 	129НТ1Е-1Н 	ХМ3.456.013ТУ; РМ 11 091.926 	НП 	34 / 34 	БЕСКОРП. 	- 	- 	-60 ÷ +125	 БИПОЛ
 	БАЗОВАЯ СХЕМА ДИФФЕРЕНЦ	ИАЛЬНОГО УСИЛИТЕЛЯ С РАЗНОСТЬЮ Н	АПРЯЖЕНИЙ	 ЭМИТТЕР-БА	ЗА ≤ 10 мВ И СТАТИЧЕСКИМ КОЭФФИЦИ	ЕНТОМ ПЕРЕДАЧИ	 ТОКА (80) 		
7 	129НТ1Ж-1Н 	ХМ3.456.013ТУ; РМ 11 091.926 	НП 	34 / 34 	БЕСКОРП. 	- 	- 	-60 ÷ +125	 БИПОЛ
 	БАЗОВАЯ СХЕМА ДИФФЕРЕНЦ	ИАЛЬНОГО УСИЛИТЕЛЯ С РАЗНОСТЬЮ Н	АПРЯЖЕНИЙ	 ЭМИТТЕР-БА	ЗА ≤ 3 мВ И СТАТИЧЕСКИМ КОЭФФИЦИЕ	НТОМ ПЕРЕДАЧИ Т	ОКА (40 ÷ 160) 		
8 	129НТ1И-1Н 	ХМ3.456.013ТУ; РМ 11 091.926 	НП 	34 / 34 	БЕСКОРП. 	- 	- 	-60 ÷ +125	 БИПОЛ
 	БАЗОВАЯ СХЕМА ДИФФЕРЕНЦ	ИАЛЬНОГО УСИЛИТЕЛЯ С РАЗНОСТЬЮ Н	АПРЯЖЕНИЙ	 ЭМИТТЕР-БА	ЗА ≤ 10 мВ И СТАТИЧЕСКИМ КОЭФФИЦИ	ЕНТОМ ПЕРЕДАЧИ	 ТОКА (40 ÷ 160) 		
 	2.7.4 Серия 159, 159Н	4 							
1 	159НТ101А 	ХМ3.456.014ТУ 	 	34 / 34 	3101.8 - 8.01, 1НБ 	- 	- 	-60 ÷ +125	 БИПОЛ
 	БАЗОВАЯ СХЕМА ДИФФЕРЕНЦ	ИАЛЬНОГО УСИЛИТЕЛЯ С РАЗНОСТЬЮ  Н	АПРЯЖЕНИЙ	 ЭМИТТЕР-БА	ЗА ≤ 5 мВ И СТАТИЧЕСКИМ  КОЭФФИЦИ	ЕНТОМ ПЕРЕДАЧИ	 ТОКА (30÷ 90) 		
2 	159НТ101Б 	ХМ3.456.014ТУ 	 	34 / 34 	3101.8 - 8.01, 1НБ 	- 	- 	-60 ÷ +125	 БИПОЛ
 	БАЗОВАЯ СХЕМА ДИФФЕРЕНЦ	ИАЛЬНОГО УСИЛИТЕЛЯ С РАЗНОСТЬЮ Н	АПРЯЖЕНИЙ	 ЭМИТТЕР-БА	ЗА ≤ 5 мВ И СТАТИЧЕСКИМ КОЭФФИЦИЕ	НТОМ ПЕРЕДАЧИ Т	ОКА (60 ÷ 180) 		
3 	159НТ101В 	ХМ3.456.014ТУ 	 	34 / 34 	3101.8 - 8.01, 1НБ 	- 	- 	-60 ÷ +125	 БИПОЛ
 	БАЗОВАЯ СХЕМА ДИФФЕРЕНЦ	ИАЛЬНОГО УСИЛИТЕЛЯ С РАЗНОСТЬЮ Н	АПРЯЖЕНИЙ	 ЭМИТТЕР-БА	ЗА ≤ 5 мВ И СТАТИЧЕСКИМ КОЭФФИЦИЕ	НТОМ ПЕРЕДАЧИ Т	ОКА ≥ 80 		
4 	159НТ101Г 	ХМ3.456.014ТУ 	 	34 / 34 	3101.8 - 8.01, 1НБ 	- 	- 	-60 ÷ +125	 БИПОЛ
 	БАЗОВАЯ СХЕМА ДИФФЕРЕНЦ	ИАЛЬНОГО УСИЛИТЕЛЯ С РАЗНОСТЬЮ Н	АПРЯЖЕНИЙ	 ЭМИТТЕР-БА	ЗА ≤ 10 мВ И СТАТИЧЕСКИМ КОЭФФИЦИ	ЕНТОМ ПЕРЕДАЧИ	 ТОКА (30 ÷ 90) 		
5 	159НТ101Д 	ХМ3.456.014ТУ 	 	34 / 34 	3101.8 - 8.01, 1НБ 	- 	- 	-60 ÷ +125	 БИПОЛ
 	БАЗОВАЯ СХЕМА ДИФФЕРЕНЦ	ИАЛЬНОГО УСИЛИТЕЛЯ С РАЗНОСТЬЮ Н	АПРЯЖЕНИЙ	 ЭМИТТЕР-БА	ЗА ≤ 10 мВ И СТАТИЧЕСКИМ КОЭФФИЦИ	ЕНТОМ ПЕРЕДАЧИ	 ТОКА (60 ÷ 180) 		
6 	159НТ101Е 	ХМ3.456.014ТУ 	 	34 / 34 	3101.8 - 8.01, 1НБ 	- 	- 	-60 ÷ +125	 БИПОЛ
 	БАЗОВАЯ СХЕМА ДИФФЕРЕНЦ	ИАЛЬНОГО УСИЛИТЕЛЯ С РАЗНОСТЬЮ Н	АПРЯЖЕНИЙ	 ЭМИТТЕР-БА	ЗА ≤ 10 мВ И СТАТИЧЕСКИМ КОЭФФИЦИ	ЕНТОМ ПЕРЕДАЧИ	 ТОКА ≥ 80 		
 	2.7.5 Серия ОСМ 159	 							
1 	ОСМ 159НТ101А 	ХМ3.456.014ТУ; П0.070.052 	З 	34 / 34 	3101.8 - 8.01 	- 	- 	-60 ÷ +125	 БИПОЛ
 	БАЗОВАЯ СХЕМА ДИФФЕРЕНЦ	ИАЛЬНОГО УСИЛИТЕЛЯ С РАЗНОСТЬЮ Н	АПРЯЖЕНИЙ	 ЭМИТТЕР-БА	ЗА ≤ 5 мВ И СТАТИЧЕСКИМ КОЭФФИЦИЕ	НТОМ ПЕРЕДАЧИ Т	ОКА (30 ÷ 90) 		
2 	ОСМ 159НТ101Б 	ХМ3.456.014ТУ; П0.070.052 	З 	34 / 34 	3101.8 - 8.01 	- 	- 	-60 ÷ +125	 БИПОЛ
 	БАЗОВАЯ СХЕМА ДИФФЕРЕНЦ	ИАЛЬНОГО УСИЛИТЕЛЯ С РАЗНОСТЬЮ Н	АПРЯЖЕНИЙ	 ЭМИТТЕР-БА	ЗА ≤ 5 мВ И СТАТИЧЕСКИМ КОЭФФИЦИЕ	НТОМ ПЕРЕДАЧИ Т	ОКА (60 ÷ 180) 		
 	БАЗОВАЯ СХЕМА ДИФФЕРЕНЦ	ИАЛЬНОГО УСИЛИТЕЛЯ С РАЗНОСТЬЮ Н	АПРЯЖЕНИЙ	 ЭМИТТЕР-БА	ЗА ≤ 5 мВ И СТАТИЧЕСКИМ КОЭФФИЦИЕ	НТОМ ПЕРЕДАЧИ Т	ОКА ≥ 80 		
4 	ОСМ 159НТ101Г 	ХМ3.456.014ТУ; П0.070.052 	З 	34 / 34 	3101.8 - 8.01 	- 	- 	-60 ÷ +125	 БИПОЛ
 	БАЗОВАЯ СХЕМА ДИФФЕРЕНЦ	ИАЛЬНОГО УСИЛИТЕЛЯ С РАЗНОСТЬЮ Н	АПРЯЖЕНИЙ	 ЭМИТТЕР-БА	ЗА ≤ 10 мВ И СТАТИЧЕСКИМ КОЭФФИЦИ	ЕНТОМ ПЕРЕДАЧИ	 ТОКА (30 ÷ 90) 		
5 	ОСМ 159НТ101Д 	ХМ3.456.014ТУ; П0.070.052 	З 	34 / 34 	3101.8 - 8.01 	- 	- 	-60 ÷ +125	 БИПОЛ
 	БАЗОВАЯ СХЕМА ДИФФЕРЕНЦ	ИАЛЬНОГО УСИЛИТЕЛЯ С РАЗНОСТЬЮ Н	АПРЯЖЕНИЙ	 ЭМИТТЕР-БА	ЗА ≤ 10 мВ И СТАТИЧЕСКИМ КОЭФФИЦИ	ЕНТОМ ПЕРЕДАЧИ	 ТОКА (60 ÷ 180) 		
6 	ОСМ 159НТ101Е 	ХМ3.456.014ТУ; П0.070.052 	З 	34 / 34 	3101.8 - 8.01 	- 	- 	-60 ÷ +125	 БИПОЛ
 	БАЗОВАЯ СХЕМА ДИФФЕРЕНЦ	ИАЛЬНОГО УСИЛИТЕЛЯ С РАЗНОСТЬЮ Н	АПРЯЖЕНИЙ	 ЭМИТТЕР-БА	ЗА ≤ 10 мВ И СТАТИЧЕСКИМ КОЭФФИЦИ	ЕНТОМ ПЕРЕДАЧИ	 ТОКА ≥ 80 		
 	2.7.14 Серия 515 								
1 	515ХП1 	ХМ3.458.011ТУ 	 	34 / 34 	301.12 - 1; 3107.12 - 2НБ 	15 	7 	-40 ÷ +70	 БИПОЛ
 	МНОГОФУНКЦИОНАЛЬНАЯ С	ХЕМА 							
 	2.7.15 Серия 518 								
1 	518ХА1 	ХМ3.458.007ТУ 	 	34 / 34 	401.14 - 4.03 	14 ÷ 19.5 	70 	-40 ÷ +70	 БИПОЛ
 	СХЕМА ВКЛЮЧЕНИЯ 								
2 	518ХА2 	ХМ3.458.007ТУ 	 	34 / 34 	401.14 - 4.03 	12, 12.5 	17 	-40 ÷ +70	 БИПОЛ
 	ПОРОГОВЫЙ ПРИЕМНИК С КА	НАЛОМ ПОМЕХ 							
3 	518ХА6 	бК0.347.213ТУ 	 	34 / 34 	401.14 - 4.03 	6 ± 10% 	0.015 	-60 ÷ +85	 БИПОЛ
 	МИКРОМОЩНОЕ ПОРОГОВОЕ	 УСТРОЙСТВО С ИСПОЛНИТЕЛЬНЫМ КАС	КАДОМ 						
4 	518ХА7 	ХМ3.458.007ТУ 	 	34 / 34 	401.14 - 4.03 	-12÷19.5; 	17 	-40 ÷ +70	 БИПОЛ
9.6 ÷ 12 			
 	ПОРОГОВЫЙ ПРИЕМНИК 								
 	2.7.22 Серия 1100 								
1 	1100СК2АС АР 	АЕЯР.431350.416ТУ 	 	33 / 33 	3101.8 - 8.01 	±12 ± 10%	 9 	-60 ÷ +85	 БИПОЛ
 	УСТРОЙСТВО ВЫБОРКИ И ХРА	НЕНИЯ АНАЛОГОВОГО СИГНАЛА 							
2 	1100СК2БС АР 	АЕЯР.431350.416ТУ 	 	33 / 33 	3101.8 - 8.01 	±15 ± 10%	 9 	-60 ÷ +85	 БИПОЛ
 	УСТРОЙСТВО ВЫБОРКИ И ХРА	НЕНИЯ АНАЛОГОВОГО СИГНАЛА 							
 	2.7.23 Серия ОСМ 11	00 							
1 	ОСМ 1100СК2АС АР 	АЕЯР.431350.416ТУ; П0.070.052 	 	33 / 33 	3101.8 - 8.01 	±12 ± 10%	 9 	-60 ÷ +85	 БИПОЛ
 	УСТРОЙСТВО ВЫБОРКИ И ХРА	НЕНИЯ АНАЛОГОВОГО СИГНАЛА 							
2 	ОСМ 1100СК2БС АР 	АЕЯР.431350.416ТУ; П0.070.052 	 	33 / 33 	3101.8 - 8.01 	±15 ± 10%	 9 	-60 ÷ +85	 БИПОЛ
 	УСТРОЙСТВО ВЫБОРКИ И ХРА	НЕНИЯ АНАЛОГОВОГО СИГНАЛА 							
 	2.7.25 Серия 1129, Б1	129-1, Б1129-2 							
1 	1129НТ1В 	бК0.347.570-01ТУ 	 	34 / 34 	3101.8 - 1НБ; 301.8 - 2, 2.02 	- 	- 	-60 ÷ +125	 БИПОЛ
 	БАЗОВАЯ СХЕМА ДИФФЕРЕНЦ	ИАЛЬНОГО УСИЛИТЕЛЯ 							
2 	Б1129НТ1В-1 	бК0.347.553ТУ 	 	34 / 34 	БЕСКОРП. 	- 	- 	-60 ÷ +125	 БИПОЛ
 	БАЗОВАЯ СХЕМА ДИФФЕРЕНЦ	ИАЛЬНОГО УСИЛИТЕЛЯ 							
3 	Б1129НТ1В-2 	АЕЯР.431410.033ТУ 	 	34 / 34 	БЕСКОРП. 	- 	- 	-60 ÷ +125	 БИПОЛ
 	БАЗОВАЯ СХЕМА ДИФФЕРЕНЦ	ИАЛЬНОГО УСИЛИТЕЛЯ 							
 	 								
1 	ОСМ 1129НТ1В 	бК0.347.570-01ТУ; П0.070.052 	 	34 / 34 	301.8 - 2, 2.02 	- 	- 	-60 ÷ +125	 БИПОЛ
 	БАЗОВАЯ СХЕМА ДИФФЕРЕНЦ	ИАЛЬНОГО УСИЛИТЕЛЯ 							
 	2.7.27 Серия Б1129-1	Н, Б1129-2Н 							
1 	Б1129НТ1В-1Н 	бК0.347.553ТУ; РМ 11 091.926 	 	34 / 34 	БЕСКОРП. 	- 	- 	-60 ÷ +125	 БИПОЛ
 	БАЗОВАЯ СХЕМА ДИФФЕРЕНЦ	ИАЛЬНОГО УСИЛИТЕЛЯ 							
2 	Б1129НТ1В-2Н 	АЕЯР.431410.033ТУ; РМ 11 091.926	  	34 / 34 	БЕСКОРП. 	- 	- 	-60 ÷ +125	 БИПОЛ
 	БАЗОВАЯ СХЕМА ДИФФЕРЕНЦ	ИАЛЬНОГО УСИЛИТЕЛЯ 							
 	3 Микросхемы интег	ральные аналого-цифровые	 и цифро	-аналого	вые 				
 	3.1 Преобразователи	 аналого-цифровые 							
 	3.1.1 Серия 572, Н57	2, Б572-4 							
1 	572ПВ1А 	бК0.347.182-03ТУ 	 	33 / 33 	4134.48 - 2, 2НБ 	5 ± 5%; 	1, 1.5 	-60 ÷ +85	 КМОП
15 ± 5% 			
 	ПРЕЦИЗИОННЫЙ АЦП С ДИФФ	ЕРЕНЦИАЛЬНОЙ НЕЛИНЕЙНОСТЬЮ В ЕД	ИНИЦАХ МЛ	АДШЕГО РАЗР	ЯДА ±1 				
2 	572ПВ1Б 	бК0.347.182-03ТУ 	 	33 / 33 	4134.48 - 2, 2НБ 	5 ± 5%; 	1, 1.5 	-60 ÷ +85	 КМОП
15 ± 5% 			
 	ПРЕЦИЗИОННЫЙ АЦП С ДИФФ	ЕРЕНЦИАЛЬНОЙ НЕЛИНЕЙНОСТЬЮ В ЕД	ИНИЦАХ МЛ	АДШЕГО РАЗР	ЯДА ±4 				
 	 								
3 	Б572ПВ1А-4 	бК0.347.182-03ТУ 	 	33 / 33 	БЕСКОРП. 	5 ± 5%; 	1, 1.5 	-60 ÷ +85	 КМОП
15 ± 5% 			
 	ПРЕЦИЗИОННЫЙ АЦП С ДИФФ	ЕРЕНЦИАЛЬНОЙ НЕЛИНЕЙНОСТЬЮ В ЕД	ИНИЦАХ МЛ	АДШЕГО РАЗР	ЯДА ±1 				
4 	Б572ПВ1Б-4 	бК0.347.182-03ТУ 	 	33 / 33 	БЕСКОРП. 	5 ± 5%; 	1, 1.5 	-60 ÷ +85	 КМОП
15 ± 5% 			
 	ПРЕЦИЗИОННЫЙ АЦП С ДИФФ	ЕРЕНЦИАЛЬНОЙ НЕЛИНЕЙНОСТЬЮ В ЕД	ИНИЦАХ МЛ	АДШЕГО РАЗР	ЯДА ±4 				
5 	Б572ПВ3-4 	бК0.347.182-05ТУ 	 	33 / 33 	БЕСКОРП. 	5 ± 5%; 	2.5 	-60 ÷ +125	 КМОП
15 ± 5% 			
 	ТАКТИРУЕМЫЙ АЦП ПОСЛЕД	ОВАТЕЛЬНОГО ПРИБЛИЖЕНИЯ 							
6 	Н572ПВ3 	бК0.347.182-05ТУ 	 	33 / 33 	Н09.18 - 1В 	5 ± 5%; 	2.5 	-60 ÷ +125	 КМОП
15 ± 5% 			
 	ТАКТИРУЕМЫЙ АЦП ПОСЛЕД	ОВАТЕЛЬНОГО ПРИБЛИЖЕНИЯ 							
 	3.1.2 Серия ОСМ 572	, ОСМ Н572 							
1 	ОСМ 572ПВ1А 	бК0.347.182-03ТУ; П0.070.052;	  	33 / 33 	4134.48 - 2 	5 ± 5%; 	1, 1.5 	-60 ÷ +85	 КМОП
15 ± 5% 			
 	ПРЕЦИЗИОННЫЙ АЦП С ДИФФ	ЕРЕНЦИАЛЬНОЙ НЕЛИНЕЙНОСТЬЮ В ЕД	ИНИЦАХ МЛ	АДШЕГО РАЗР	ЯДА ±1 				
2 	ОСМ 572ПВ1Б 	бК0.347.182-03ТУ; П0.070.052 	 	33 / 33 	4134.48 - 2 	5 ± 5%; 	1, 1.5 	-60 ÷ +85	 КМОП
15 ± 5% 			
 	ПРЕЦИЗИОННЫЙ АЦП С ДИФФ	ЕРЕНЦИАЛЬНОЙ НЕЛИНЕЙНОСТЬЮ В ЕД	ИНИЦАХ МЛ	АДШЕГО РАЗР	ЯДА ±4 				
3 	ОСМ Н572ПВ3 	бК0.347.182-05ТУ; П0.070.052 	 	33 / 33 	Н09.18 - 1В 	5 ± 5% 	2.5 	-60 ÷ +125	 КМОП
 	ТАКТИРУЕМЫЙ АЦП ПОСЛЕД	ОВАТЕЛЬНОГО ПРИБЛИЖЕНИЯ 							
1 	1108ПВ1А 	бК0.347.347-02ТУ 	 	33 / 33 	210Б.24 - 1, 1Н, 1НБ 	5 ± 5%; 	60, 140 	-45 ÷ +85	 БИПОЛ
-5.2 ± 5% 			
 	БЫСТРОДЕЙСТВУЮЩИЙ ПРЕЦ	ИЗИОННЫЙ АЦП С АБСОЛЮТНОЙ ПОГРЕ	ШНОСТЬЮ П	РЕОБРАЗОВА	НИЯ В КОНЕЧНОЙ ТОЧКЕ ШКАЛЫ ±7 				
2 	1108ПВ1Б 	бК0.347.347-02ТУ 	 	33 / 33 	210Б.24 - 1, 1Н, 1НБ 	5 ± 5%; 	60, 140 	-45 ÷ +85	 БИПОЛ
-5.2 ± 5% 			
 	БЫСТРОДЕЙСТВУЮЩИЙ ПРЕЦ	ИЗИОННЫЙ АЦП С АБСОЛЮТНОЙ ПОГРЕ	ШНОСТЬЮ П	РЕОБРАЗОВА	НИЯ В КОНЕЧНОЙ ТОЧКЕ ШКАЛЫ ±10 				
3 	1108ПВ1Г 	бК0.347.347-02ТУ 	 	33 / 33 	210Б.24 - 1, 1Н, 1НБ 	5 ± 5%; 	60, 140 	-25 ÷ +70	 БИПОЛ
-5.2 ± 5% 			
 	БЫСТРОДЕЙСТВУЮЩИЙ ПРЕЦ	ИЗИОННЫЙ АЦП ПОВЫШЕННОГО БЫСТР	ОДЕЙСТВИЯ	 С АБСОЛЮТН	ОЙ ПОГРЕШНОСТЬЮ ПРЕОБРАЗОВАНИЯ	 В КОНЕЧНОЙ ТОЧ	КЕ ШКАЛЫ ±4 		
4 	1108ПВ2 	бК0.347.347-05ТУ 	 	33 / 33 	2123.40 - 6, 6Н, 6НБ 	5 ± 5%; 	90, 160 	-45 ÷ +85	 БИПОЛ
-6 ± 5% 			
 	БЫСТРОДЕЙСТВУЮЩИЙ ПРЕЦ	ИЗИОННЫЙ АЦП С АБСОЛЮТНОЙ ПОГРЕ	ШНОСТЬЮ П	РЕОБРАЗОВА	НИЯ В КОНЕЧНОЙ ТОЧКЕ ШКАЛЫ ±10 				
5 	Н1108ПВ1А 	бК0.347.347-02ТУ 	 	33 / 33 	Н14.42 - 1В, 1ВН, 1ВНБ 	5 ± 5%; 	60, 140 	-45 ÷ +85	 БИПОЛ
-5.2 ± 5% 			
 	БЫСТРОДЕЙСТВУЮЩИЙ ПРЕЦ	ИЗИОННЫЙ АЦП С АБСОЛЮТНОЙ ПОГРЕ	ШНОСТЬЮ П	РЕОБРАЗОВА	НИЯ В КОНЕЧНОЙ ТОЧКЕ ШКАЛЫ ±7 				
6 	Н1108ПВ1Б 	бК0.347.347-02ТУ 	 	33 / 33 	Н14.42 - 1В, 1ВН, 1ВНБ 	5 ± 5%; 	60, 140 	-45 ÷ +85	 БИПОЛ
-5.2 ± 5% 			
 	БЫСТРОДЕЙСТВУЮЩИЙ ПРЕЦ	ИЗИОННЫЙ АЦП С АБСОЛЮТНОЙ ПОГРЕ	ШНОСТЬЮ П	РЕОБРАЗОВА	НИЯ В КОНЕЧНОЙ ТОЧКЕ ШКАЛЫ ±10 				
7 	Н1108ПВ1Г 	бК0.347.347-02ТУ 	 	33 / 33 	Н14.42 - 1В, 1ВН, 1ВНБ 	5 ± 5%; 	60, 140 	-25 ÷ +70	 БИПОЛ
-5.2 ± 5% 			
 	БЫСТРОДЕЙСТВУЮЩИЙ ПРЕЦ	ИЗИОННЫЙ АЦП ПОВЫШЕННОГО БЫСТР	ОДЕЙСТВИЯ	 С АБСОЛЮТН	ОЙ ПОГРЕШНОСТЬЮ ПРЕОБРАЗОВАНИЯ	 В КОНЕЧНОЙ ТОЧ	КЕ ШКАЛЫ ±4 		
 	3.1.5 Серия ОСМ 110	8, ОСМ Н1108 							
1 	ОСМ 1108ПВ1А 	бК0.347.347-02ТУ; П0.070.052 	 	33 / 33 	210Б.24 - 1 	5 ± 5%; 	60, 140 	-45 ÷ +85	 БИПОЛ
-5.2 ± 5% 			
 	БЫСТРОДЕЙСТВУЮЩИЙ ПРЕЦ	ИЗИОННЫЙ АЦП С АБСОЛЮТНОЙ ПОГРЕ	ШНОСТЬЮ П	РЕОБРАЗОВА	НИЯ В КОНЕЧНОЙ ТОЧКЕ ШКАЛЫ ±7 				
2 	ОСМ 1108ПВ1Б 	бК0.347.347-02ТУ; П0.070.052 	 	33 / 33 	210Б.24 - 1 	5 ± 5%; 	60, 140 	-45 ÷ +85	 БИПОЛ
-5.2 ± 5% 			
 	БЫСТРОДЕЙСТВУЮЩИЙ ПРЕЦ	ИЗИОННЫЙ АЦП С АБСОЛЮТНОЙ ПОГРЕ	ШНОСТЬЮ П	РЕОБРАЗОВА	НИЯ В КОНЕЧНОЙ ТОЧКЕ ШКАЛЫ ±10 				
3 	ОСМ Н1108ПВ1А 	бК0.347.347-02ТУ; П0.070.052 	 	33 / 33 	Н14.42 - 1В 	5 ± 5%; 	60, 140 	-45 ÷ +85	 БИПОЛ
-5.2 ± 5% 			
 	БЫСТРОДЕЙСТВУЮЩИЙ ПРЕЦ	ИЗИОННЫЙ АЦП С АБСОЛЮТНОЙ ПОГРЕ	ШНОСТЬЮ П	РЕОБРАЗОВА	НИЯ В КОНЕЧНОЙ ТОЧКЕ ШКАЛЫ ±7 				
4 	ОСМ Н1108ПВ1Б 	бК0.347.347-02ТУ; П0.070.052 	 	33 / 33 	Н14.42 - 1В 	5 ± 5%; 	60, 140 	-45 ÷ +85	 БИПОЛ
-5.2 ± 5% 			
 	БЫСТРОДЕЙСТВУЮЩИЙ ПРЕЦ	ИЗИОННЫЙ АЦП С АБСОЛЮТНОЙ ПОГРЕ	ШНОСТЬЮ П	РЕОБРАЗОВА	НИЯ В КОНЕЧНОЙ ТОЧКЕ ШКАЛЫ ±10 				
 	3.1.6 Серия 1113, Б11	13-4 							
1 	1113ПВ1А 	бК0.347.365-01ТУ 	 	33 / 33 	238.18 - 1 	-15 ± 5%; 	12, 20 	-45 ÷ +85	 ИИЛ 
5 ± 5% 			
 	ФУНКЦИОНАЛЬНО-ЗАКОНЧЕН	НЫЙ АЦП, СОПРЯГАЕМЫЙ С МИКРОПРОЦ	ЕССОРОМ С	 ПОГРЕШНОС	ТЬЮ ПРЕОБРАЗОВАНИЯ В КОНЕЧНОЙ ТО	ЧКЕ ШКАЛЫ ±1.5 %	 		
 	 								
-15 ± 5% 			
 	ФУНКЦИОНАЛЬНО-ЗАКОНЧЕН	НЫЙ АЦП, СОПРЯГАЕМЫЙ С МИКРОПРОЦ	ЕССОРОМ С	 ПОГРЕШНОС	ТЬЮ ПРЕОБРАЗОВАНИЯ В КОНЕЧНОЙ ТО	ЧКЕ ШКАЛЫ ±2.5 %	 		
3 	1113ПВ1В 	бК0.347.365-01ТУ 	 	33 / 33 	238.18 - 1 	5 ± 5%; 	12, 20 	-60 ÷ +125	 ИИЛ 
-15 ± 5% 			
 	ФУНКЦИОНАЛЬНО-ЗАКОНЧЕН	НЫЙ АЦП, СОПРЯГАЕМЫЙ С МИКРОПРОЦ	ЕССОРОМ С	 ПОГРЕШНОС	ТЬЮ ПРЕОБРАЗОВАНИЯ В КОНЕЧНОЙ ТО	ЧКЕ ШКАЛЫ ±2.5 %	 		
4 	1113ПВ1Г 	бК0.347.365-01ТУ 	 	33 / 33 	238.18 - 1 	5 ± 5%; 	12, 20 	-25 ÷ +85	 ИИЛ 
-15 ± 5% 			
 	ФУНКЦИОНАЛЬНО-ЗАКОНЧЕН	НЫЙ АЦП, СОПРЯГАЕМЫЙ С МИКРОПРОЦ	ЕССОРОМ С	 ПОГРЕШНОС	ТЬЮ ПРЕОБРАЗОВАНИЯ В КОНЕЧНОЙ ТО	ЧКЕ ШКАЛЫ ±1.5 %	 		
5 	Б1113ПВ1-4 	бК0.347.365-01ТУ 	 	33 / 33 	БЕСКОРП. 	5 ± 5%; 	12, 20 	-45 ÷ +85	 ИИЛ 
-15 ± 5% 			
 	ФУНКЦИОНАЛЬНО-ЗАКОНЧЕН	НЫЙ АЦП, СОПРЯГАЕМЫЙ С МИКРОПРОЦ	ЕССОРОМ 						
 	3.1.7 Серия ОСМ 111	3 							
1 	ОСМ 1113ПВ1А 	бК0.347.365-01ТУ; П0.070.052 	 	33 / 33 	238.18 - 1 	-15 ± 5%; 	12, 20 	-45 ÷ +85	 ИИЛ 
5 ± 5% 			
 	ФУНКЦИОНАЛЬНО-ЗАКОНЧЕН	НЫЙ АЦП, СОПРЯГАЕМЫЙ С МИКРОПРОЦ	ЕССОРОМ С	 ПОГРЕШНОС	ТЬЮ ПРЕОБРАЗОВАНИЯ В КОНЕЧНОЙ ТО	ЧКЕ ШКАЛЫ ±1.5 %	 		
2 	ОСМ 1113ПВ1В 	бК0.347.365-01ТУ; П0.070.052 	 	33 / 33 	238.18 - 1 	-15 ± 5%; 	12, 20 	-60 ÷ +125	 ИИЛ 
5 ± 5% 			
 	ФУНКЦИОНАЛЬНО-ЗАКОНЧЕН	НЫЙ АЦП, СОПРЯГАЕМЫЙ С МИКРОПРОЦ	ЕССОРОМ С	 ПОГРЕШНОС	ТЬЮ ПРЕОБРАЗОВАНИЯ В КОНЕЧНОЙ ТО	ЧКЕ ШКАЛЫ ±2.5 %	 		
 	3.2 Преобразователи	 цифро-аналоговые 							
 	3.2.2 Серия 572, Н57	2, Р572, Б572-4 							
1 	572ПА1А 	бК0.347.182ТУ1 	 	33 / 33 	201.16 - 8, 15НБ 	15 ± 10% 	3 	-60 ÷ +85	 КМОП
 	10-РАЗРЯДНЫЙ УМНОЖАЮЩИ	Й ЦАП С ДИФФЕРЕНЦИАЛЬНОЙ НЕЛИНЕЙ	НОСТЬЮ ОТ	 ПОЛНОЙ ШК	АЛЫ ±0.2 % 				
2 	572ПА1Б 	бК0.347.182ТУ1 	 	33 / 33 	201.16 - 8, 15НБ 	15 ± 10% 	3 	-60 ÷ +85	 КМОП
 	10-РАЗРЯДНЫЙ УМНОЖАЮЩИ	Й ЦАП С ДИФФЕРЕНЦИАЛЬНОЙ НЕЛИНЕЙ	НОСТЬЮ ОТ	 ПОЛНОЙ ШК	АЛЫ ±0.3 % 				
3 	572ПА1В 	бК0.347.182ТУ1 	 	33 / 33 	201.16 - 8, 15НБ 	15 ± 10% 	3 	-60 ÷ +85	 КМОП
 	10-РАЗРЯДНЫЙ УМНОЖАЮЩИ	Й ЦАП С ДИФФЕРЕНЦИАЛЬНОЙ НЕЛИНЕЙ	НОСТЬЮ ОТ	 ПОЛНОЙ ШК	АЛЫ ±0.5 % 				
4 	572ПА2А 	бК0.347.182ТУ2 	 	33 / 33 	4134.48 - 2, 2НБ 	5 ± 5%; 	2.5 	-60 ÷ +85	 КМОП
15 ± 5% 			
 	12-РАЗРЯДНЫЙ УМНОЖАЮЩИ	Й ЦАП С ФУНКЦИЕЙ ЗАПИСИ И ХРАНЕНИ	Я ЦИФРОВО	Й ИНФОРМАЦ	ИИ С ДИФФЕРЕНЦИАЛЬНОЙ НЕЛИНЕЙН	ОСТЬЮ ОТ ПОЛНО	Й ШКАЛЫ ±0.025 	% 	
5 	572ПА2Б 	бК0.347.182ТУ2 	 	33 / 33 	4134.48 - 2, 2НБ 	5 ± 5%; 	2.5 	-60 ÷ +85	 КМОП
15 ± 5% 			
 	12-РАЗРЯДНЫЙ УМНОЖАЮЩИ	Й ЦАП С ФУНКЦИЕЙ ЗАПИСИ И ХРАНЕНИ	Я ЦИФРОВО	Й ИНФОРМАЦ	ИИ С ДИФФЕРЕНЦИАЛЬНОЙ НЕЛИНЕЙН	ОСТЬЮ ОТ ПОЛНО	Й ШКАЛЫ ±0.05 %	 	
6 	572ПА9У 	АЕЯР.431320.723ТУ 	 	33 / 33 	Н14.42 - 1В 	(3 ÷ 5) ± 5%	 5 	-60 ÷ +125	 КМОП
 	СДВОЕННЫЙ 12-РАЗРЯДНЫЙ У	МНОЖАЮЩИЙ ЦАП С ТОКОВЫМ ВЫХОД	ОМ И ПАРАЛ	ЛЕЛЬНЫМ ИН	ТЕРФЕЙСОМ 				
7 	Б572ПА1А-4 	бК0.347.232ТУ 	 	33 / 33 	БЕСКОРП. 	15 ± 10% 	3 	-60 ÷ +85	 КМОП
 	10-РАЗРЯДНЫЙ УМНОЖАЮЩИ	Й ЦАП С ДИФФЕРЕНЦИАЛЬНОЙ НЕЛИНЕЙ	НОСТЬЮ ОТ	 ПОЛНОЙ ШК	АЛЫ ±0.2 % 				
8 	Б572ПА1Б-4 	бК0.347.232ТУ 	 	33 / 33 	БЕСКОРП. 	15 ± 10% 	3 	-60 ÷ +85	 КМОП
 	10-РАЗРЯДНЫЙ УМНОЖАЮЩИ	Й ЦАП С ДИФФЕРЕНЦИАЛЬНОЙ НЕЛИНЕЙ	НОСТЬЮ ОТ	 ПОЛНОЙ ШК	АЛЫ ±0.3 % 				
9 	Б572ПА1В-4 	бК0.347.232ТУ 	 	33 / 33 	БЕСКОРП. 	15 ± 10% 	3 	-60 ÷ +85	 КМОП
 	10-РАЗРЯДНЫЙ УМНОЖАЮЩИ	Й ЦАП С ДИФФЕРЕНЦИАЛЬНОЙ НЕЛИНЕЙ	НОСТЬЮ ОТ	 ПОЛНОЙ ШК	АЛЫ ±0.5 % 				
15 ± 5% 			
 	12-РАЗРЯДНЫЙ УМНОЖАЮЩИ	Й ЦАП С ФУНКЦИЕЙ ЗАПИСИ И ХРАНЕНИ	Я ЦИФРОВО	Й ИНФОРМАЦ	ИИ С ДИФФЕРЕНЦИАЛЬНОЙ НЕЛИНЕЙН	ОСТЬЮ ОТ ПОЛНО	Й ШКАЛЫ ±0.025 	% 	
11 	Б572ПА2Б-4 	бК0.347.182ТУ2 	 	33 / 33 	БЕСКОРП. 	5 ± 5%; 	2.5 	-60 ÷ +85	 КМОП
15 ± 5% 			
 	12-РАЗРЯДНЫЙ УМНОЖАЮЩИ	Й ЦАП С ФУНКЦИЕЙ ЗАПИСИ И ХРАНЕНИ	Я ЦИФРОВО	Й ИНФОРМАЦ	ИИ С ДИФФЕРЕНЦИАЛЬНОЙ НЕЛИНЕЙНО	СТЬЮ ОТ ПОЛНО	Й ШКАЛЫ ±0.05 %	 	
12 	Б572ПП1-4 	бК0.347.232ТУ 	 	33 / 33 	БЕСКОРП. 	5 ± 5% 	6 	-60 ÷ +85	 КМОП
 	МИКРОСХЕМА ДЛЯ ПОСТРОЕН	ИЯ ГИБРИДНЫХ ПРЕЦИЗИОННЫХ УМНОЖ	АЮЩИХ ЦА	П 					
13 	Н572ПА1А 	бК0.347.182ТУ1 	 	33 / 33 	Н04.16 - 1В 	15 ± 10% 	3 	-60 ÷ +85	 КМОП
 	10-РАЗРЯДНЫЙ УМНОЖАЮЩИ	Й ЦАП С ДИФФЕРЕНЦИАЛЬНОЙ НЕЛИНЕЙ	НОСТЬЮ ОТ	 ПОЛНОЙ ШК	АЛЫ ±0.2 % 				
14 	Н572ПА1Б 	бК0.347.182ТУ1 	 	33 / 33 	Н04.16 - 1В 	15 ± 10% 	3 	-60 ÷ +85	 КМОП
 	10-РАЗРЯДНЫЙ УМНОЖАЮЩИ	Й ЦАП С ДИФФЕРЕНЦИАЛЬНОЙ НЕЛИНЕЙ	НОСТЬЮ ОТ	 ПОЛНОЙ ШК	АЛЫ ±0.3 % 				
15 	Н572ПА1В 	бК0.347.182ТУ1 	 	33 / 33 	Н04.16 - 1В 	15 ± 10% 	3 	-60 ÷ +85	 КМОП
 	10-РАЗРЯДНЫЙ УМНОЖАЮЩИ	Й ЦАП С ДИФФЕРЕНЦИАЛЬНОЙ НЕЛИНЕЙ	НОСТЬЮ ОТ	 ПОЛНОЙ ШК	АЛЫ ±0.5 % 				
16 	Р572ПА1А 	бК0.347.182ТУ1 	 	33 / 33 	238.16 - 1 	15 ± 10% 	3 	-60 ÷ +85	 КМОП
 	10-РАЗРЯДНЫЙ УМНОЖАЮЩИ	Й ЦАП С ДИФФЕРЕНЦИАЛЬНОЙ НЕЛИНЕЙ	НОСТЬЮ ОТ	 ПОЛНОЙ ШК	АЛЫ ±0.2 % 				
17 	Р572ПА1Б 	бК0.347.182ТУ1 	 	33 / 33 	238.16 - 1 	15 ± 10% 	3 	-60 ÷ +85	 КМОП
 	10-РАЗРЯДНЫЙ УМНОЖАЮЩИ	Й ЦАП С ДИФФЕРЕНЦИАЛЬНОЙ НЕЛИНЕЙ	НОСТЬЮ ОТ	 ПОЛНОЙ ШК	АЛЫ ±0.3 % 				
18 	Р572ПА1В 	бК0.347.182ТУ1 	 	33 / 33 	238.16 - 1 	15 ± 10% 	3 	-60 ÷ +85	 КМОП
 	10-РАЗРЯДНЫЙ УМНОЖАЮЩИ	Й ЦАП С ДИФФЕРЕНЦИАЛЬНОЙ НЕЛИНЕЙ	НОСТЬЮ ОТ	 ПОЛНОЙ ШК	АЛЫ ±0.5 % 				
 	3.2.3 Серия ОСМ 572	, ОСМ Н572 							
1 	ОСМ 572ПА1А 	бК0.347.182ТУ1; П0.070.052 	 	33 / 33 	201.16 - 8 	15 ± 10% 	3 	-60 ÷ +85	 КМОП
 	10-РАЗРЯДНЫЙ УМНОЖАЮЩИ	Й ЦАП С ДИФФЕРЕНЦИАЛЬНОЙ НЕЛИНЕЙ	НОСТЬЮ ОТ	 ПОЛНОЙ ШК	АЛЫ ±0.2 % 				
2 	ОСМ 572ПА1Б 	бК0.347.182ТУ1; П0.070.052 	 	33 / 33 	201.16 - 8 	15 ± 10% 	3 	-60 ÷ +85	 КМОП
 	10-РАЗРЯДНЫЙ УМНОЖАЮЩИ	Й ЦАП С ДИФФЕРЕНЦИАЛЬНОЙ НЕЛИНЕЙ	НОСТЬЮ ОТ	 ПОЛНОЙ ШК	АЛЫ ±0.3 % 				
3 	ОСМ 572ПА1В 	бК0.347.182ТУ1; П0.070.052 	 	33 / 33 	201.16 - 8 	15 ± 10% 	3 	-60 ÷ +85	 КМОП
 	10-РАЗРЯДНЫЙ УМНОЖАЮЩИ	Й ЦАП С ДИФФЕРЕНЦИАЛЬНОЙ НЕЛИНЕЙ	НОСТЬЮ ОТ	 ПОЛНОЙ ШК	АЛЫ ±0.5 % 				
4 	ОСМ 572ПА2А 	бК0.347.182ТУ1; П0.070.052 	 	33 / 33 	4134.48 - 2 	5 ± 5%; 	2.5 	-60 ÷ +85	 КМОП
15 ± 5% 			
 	12-РАЗРЯДНЫЙ УМНОЖАЮЩИ	Й ЦАП С ФУНКЦИЕЙ ЗАПИСИ И ХРАНЕНИ	Я ЦИФРОВО	Й ИНФОРМАЦ	ИИ С ДИФФЕРЕНЦИАЛЬНОЙ НЕЛИНЕЙН	ОСТЬЮ ОТ ПОЛНО	Й ШКАЛЫ ±0.025 	% 	
5 	ОСМ 572ПА2Б 	бК0.347.182ТУ1; П0.070.052 	 	33 / 33 	4134.48 - 2 	5 ± 5%; 	2.5 	-60 ÷ +85	 КМОП
15 ± 5% 			
 	12-РАЗРЯДНЫЙ УМНОЖАЮЩИ	Й ЦАП С ФУНКЦИЕЙ ЗАПИСИ И ХРАНЕНИ	Я ЦИФРОВО	Й ИНФОРМАЦ	ИИ С ДИФФЕРЕНЦИАЛЬНОЙ НЕЛИНЕЙН	ОСТЬЮ ОТ ПОЛНО	Й ШКАЛЫ ±0.05 %	 	
6 	ОСМ Н572ПА1А 	бК0.347.182ТУ1; П0.070.052 	 	33 / 33 	Н04.16 - 1В 	15 ± 10% 	3 	-60 ÷ +85	 КМОП
 	10-РАЗРЯДНЫЙ УМНОЖАЮЩИ	Й ЦАП С ДИФФЕРЕНЦИАЛЬНОЙ НЕЛИНЕЙ	НОСТЬЮ ОТ	 ПОЛНОЙ ШК	АЛЫ ±0.2 % 				
7 	ОСМ Н572ПА1Б 	бК0.347.182ТУ1; П0.070.052 	 	33 / 33 	Н04.16 - 1В 	15 ± 10% 	3 	-60 ÷ +85	 КМОП
 	10-РАЗРЯДНЫЙ УМНОЖАЮЩИ	Й ЦАП С ДИФФЕРЕНЦИАЛЬНОЙ НЕЛИНЕЙ	НОСТЬЮ ОТ	 ПОЛНОЙ ШК	АЛЫ ±0.3 % 				
 	3.2.4 Серия 1108, Н1	108 							
1 	1108ПА1А 	бК0.347.347-01ТУ 	З 	33 / 33 	210Б.24 - 1, 1Н, 1НБ 	5 ± 5%; 	18, 50 	-60 ÷ +85	 БИПОЛ
-15 ± 5% 			
 	12-РАЗРЯДНЫЙ БЫСТРОДЕЙСТ	ВУЮЩИЙ ПРЕЦИЗИОННЫЙ ЦАП С АБСОЛ	ЮТНОЙ ПОГ	РЕШНОСТЬЮ	 ПРЕОБРАЗОВАНИЯ В КОНЕЧНОЙ ТОЧКЕ	 ШКАЛЫ ±0.48 			
-15 ± 5% 			
 	10-РАЗРЯДНЫЙ БЫСТРОДЕЙСТ	ВУЮЩИЙ ПРЕЦИЗИОННЫЙ ЦАП С АБСОЛ	ЮТНОЙ ПОГ	РЕШНОСТЬЮ	 ПРЕОБРАЗОВАНИЯ В КОНЕЧНОЙ ТОЧКЕ	 ШКАЛЫ ±0.7 			
3 	Н1108ПА1А 	бК0.347.347-01ТУ 	 	33 / 33 	Н14.42 - 2В, 2ВН, 2ВНБ 	5 ± 5%; 	18, 50 	-60 ÷ +85	 БИПОЛ
-15 ± 5% 			
 	12-РАЗРЯДНЫЙ БЫСТРОДЕЙСТ	ВУЮЩИЙ ПРЕЦИЗИОННЫЙ ЦАП С АБСОЛ	ЮТНОЙ ПОГ	РЕШНОСТЬЮ	 ПРЕОБРАЗОВАНИЯ В КОНЕЧНОЙ ТОЧКЕ	 ШКАЛЫ ±0.48 			
4 	Н1108ПА1Б 	бК0.347.347-01ТУ 	 	33 / 33 	Н14.42 - 2В, 2ВН, 2ВНБ 	5 ± 5%; 	18, 50 	-60 ÷ +85	 БИПОЛ
-15 ± 5% 			
 	10-РАЗРЯДНЫЙ БЫСТРОДЕЙСТ	ВУЮЩИЙ ПРЕЦИЗИОННЫЙ ЦАП С АБСОЛ	ЮТНОЙ ПОГ	РЕШНОСТЬЮ	 ПРЕОБРАЗОВАНИЯ В КОНЕЧНОЙ ТОЧКЕ	 ШКАЛЫ ±0.7 			
 	3.2.5 Серия ОСМ 110	8, ОСМ Н1108 							
1 	ОСМ 1108ПА1А 	бК0.347.347-01ТУ; П0.070.052 	 	33 / 33 	210Б.24 - 1 	5 ± 5%; 	18, 50 	-60 ÷ +85	 БИПОЛ
-15 ± 5% 			
 	12-РАЗРЯДНЫЙ БЫСТРОДЕЙСТ	ВУЮЩИЙ ПРЕЦИЗИОННЫЙ ЦАП С АБСОЛ	ЮТНОЙ ПОГ	РЕШНОСТЬЮ	 ПРЕОБРАЗОВАНИЯ В КОНЕЧНОЙ ТОЧКЕ	 ШКАЛЫ ±0.48 			
2 	ОСМ 1108ПА1Б 	бК0.347.347-01ТУ; П0.070.052 	 	33 / 33 	210Б.24 - 1 	5 ± 5%; 	18, 50 	-60 ÷ +85	 БИПОЛ
-15 ± 5% 			
 	10-РАЗРЯДНЫЙ БЫСТРОДЕЙСТ	ВУЮЩИЙ ПРЕЦИЗИОННЫЙ ЦАП С АБСОЛ	ЮТНОЙ ПОГ	РЕШНОСТЬЮ	 ПРЕОБРАЗОВАНИЯ В КОНЕЧНОЙ ТОЧКЕ	 ШКАЛЫ ±0.7 			
3 	ОСМ Н1108ПА1А 	бК0.347.347-01ТУ; П0.070.052 	 	33 / 33 	Н14.42 - 2В 	5 ± 5%; 	18, 50 	-60 ÷ +85	 БИПОЛ
-15 ± 5% 			
 	12-РАЗРЯДНЫЙ БЫСТРОДЕЙСТ	ВУЮЩИЙ ПРЕЦИЗИОННЫЙ ЦАП С АБСОЛ	ЮТНОЙ ПОГ	РЕШНОСТЬЮ	 ПРЕОБРАЗОВАНИЯ В КОНЕЧНОЙ ТОЧКЕ	 ШКАЛЫ ±0.48 			
4 	ОСМ Н1108ПА1Б 	бК0.347.347-01ТУ; П0.070.052 	 	33 / 33 	Н14.42 - 2В 	5 ± 5% 	18, 50 	-60 ÷ +85	 БИПОЛ
 	10-РАЗРЯДНЫЙ БЫСТРОДЕЙСТ	ВУЮЩИЙ ПРЕЦИЗИОННЫЙ ЦАП С АБСОЛ	ЮТНОЙ ПОГ	РЕШНОСТЬЮ	 ПРЕОБРАЗОВАНИЯ В КОНЕЧНОЙ ТОЧКЕ	 ШКАЛЫ ±0.7 			
 									
 									

